"100043914;88;"
"5730494N06RIK;24;"
"5730494N06RIK;25;"
"ABCA1;1145;"
"ABH5;362;"
"ABH5;372;"
"ABHD15;142;"
"ABHD15;146;"
"ABHD15;424;"
"ABHD15;425;"
"ABI1;229;"
"ABI1;231;"
"ABI2;236;"
"ABI2;297;"
"ABP1;277;"
"ABP1;299;"
"ABPL;2234;"
"ABPL;2237;"
"ABPL;2625;"
"ACACB;136;"
"ACDP4;661;"
"ACLY;455;"
"ADAM17;788;"
"ADAM17;807;"
"AF013969;240;"
"AF013969;795;"
"AF6;1802;"
"AF6;216;"
"AF6;557;"
"AFAP1;664;"
"AFAR;40;"
"AGFG1;362;"
"AHCYL2;109;"
"AHNAK;178;"
"AHNAK;5630;"
"AKAP10;173;"
"AKAP10;278;"
"AKAP13;1475;"
"AKT1;477;"
"AKT1S1;318;"
"AKT2;309;"
"AKT2;313;"
"AKT2;447;"
"AKT2;451;"
"AKT2;458;"
"AKT2;474;"
"AKT2;476;"
"AKT2;478;"
"AKT3;472;"
"AKT3;476;"
"ALF1;583;"
"AMOTL1;912;"
"AMOTL1;913;"
"ANIA6A;344;"
"ANKS1;659;"
"AP1AR;225;"
"AP1GBP1;936;"
"AP4E1;851;"
"APC;2021;"
"APC;2374;"
"APEG1;2114;"
"ARF1GAP;246;"
"ARFGAP2;445;"
"ARFGAP3;242;"
"ARFGAP3;460;"
"ARHGAP14;858;"
"ARHGAP21;928;"
"ARHGAP29;1149;"
"ARHGAP7;195;"
"ARHGAP7;22;"
"ARHGAP7;440;"
"ARHGEF11;1324;"
"ARHGEF17;414;"
"ARHGEF2;114;"
"ARID4B;830;"
"ARPP19;137;"
"AS160;320;"
"AS160;324;"
"AS160;348;"
"AS160;576;"
"AS160;577;"
"AS160;595;"
"AS160;598;"
"AS160;649;"
"AS160;651;"
"AS160;698;"
"AS160;701;"
"ASAP3;786;"
"ATG2B;1003;"
"ATRX;586;"
"ATRX;84;"
"AZI1;114;"
"B9L;121;"
"B9L;994;"
"BAD;134;"
"BAD;136;"
"BAG4;179;"
"BAL;42;"
"BAT2;1090;"
"BAT2;1217;"
"BAT2;799;"
"BAT2;807;"
"BAT2D;901;"
"BAT2L;1147;"
"BAT2L;1154;"
"BAT2L;415;"
"BBX;159;"
"BC059842;2135;"
"BC059842;2958;"
"BCAR1;253;"
"BCL2L11;73;"
"BET1;50;"
"BHLHB2;383;"
"BIRC6;3586;"
"BLES03;36;"
"BNIP3L;166;"
"BOK;7;"
"BOK;8;"
"BRF1;92;"
"BRF2;98;"
"BRWD1;697;"
"C1GALT1;70;"
"C2CD2;506;"
"C2CD2;507;"
"CABIN1;2123;"
"CABLES1;203;"
"CABLES1;248;"
"CABLES1;270;"
"CABLES1;272;"
"CABLES1;376;"
"CABLES1;382;"
"CAMK1;177;"
"CAPPB1;263;"
"CARF;124;"
"CARHSP1;31;"
"CARP1;694;"
"CASL;316;"
"CASL;344;"
"CASP3;26;"
"CAV;14;"
"CAV;15;"
"CAV;25;"
"CAV;6;"
"CBLB;886;"
"CBP37;1454;"
"CBX5;93;"
"CCDC131;356;"
"CCDC50;32;"
"CCDC88A;1803;"
"CCDC88A;1821;"
"CCDC88A;1822;"
"CCM1;276;"
"CCM2;402;"
"CCNY;21;"
"CCT2;260;"
"CD248;756;"
"CDC42BPA;1545;"
"CENPA;16;"
"CEP170;1150;"
"CEP170;443;"
"CEP170;463;"
"CGNL1;298;"
"CIC;1080;"
"CKLFSF4;194;"
"CKLFSF4;199;"
"CKLFSF4;208;"
"CLASP2;1175;"
"CLASP2;241;"
"CLCN5;67;"
"CLDN12;228;"
"CLDN12;231;"
"CLEC16A;848;"
"CLOCK;847;"
"CLP1;52;"
"COBLL1;287;"
"CORO1B;413;"
"CPLA2;726;"
"CSDA;328;"
"CYTSA;69;"
"D10ERTD749E;216;"
"D13WSU64E;629;"
"D1PAS1-RS2;606;"
"D2BWG0891E;117;"
"D6WSU116E;798;"
"D7ERTD458E;393;"
"D8ERTD233E;20;"
"D9ERTD809E;1261;"
"DDA1;33;"
"DENND1B;632;"
"DENND1B;633;"
"DENND4A;1152;"
"DENND4A;1225;"
"DENND4A;1282;"
"DEPDC5;1079;"
"DHM2;1215;"
"DLGAP4;973;"
"DMXL2;1399;"
"DOC4;251;"
"DOCK1;1743;"
"DOCK1;1858;"
"DOCK11;1267;"
"DOCK11;23;"
"DOCK4;1733;"
"DOCK7;2119;"
"DOCK7;432;"
"DRCTNNB1A;433;"
"DRES9;1234;"
"DTX2;235;"
"DUSP16;453;"
"EAAT1;523;"
"ECD;539;"
"ECM2;79;"
"ECNOS;1174;"
"ECNOS;1176;"
"ECNOS;632;"
"EDC3;161;"
"EDD;327;"
"EEF1B;112;"
"EEF2;59;"
"EEF2K;365;"
"EEF2K;444;"
"EEPD1;25;"
"EHBP1;1061;"
"EHBP1L1;1462;"
"EHD2;451;"
"EI24;65;"
"EIF4B;230;"
"EIF4B;420;"
"EIF4B;422;"
"EIF4B;497;"
"EIF4EBP1;43;"
"EIF4EBP1;44;"
"EIF4EBP1;69;"
"EIF4G1;1081;"
"EMD;88;"
"EML3;158;"
"EML3;177;"
"EPB4.1L2;39;"
"EPB4.1L2;86;"
"EPB4;721;"
"EPPK1;1537;"
"EPPK1;2705;"
"ERBB2IP;1171;"
"ERBB2IP;829;"
"ERK1;205;"
"ERK2;185;"
"ERK3;441;"
"ERRFI1;72;"
"ESE1;313;"
"EXOC1;550;"
"F11R;285;"
"F11R;286;"
"F11R;288;"
"FAM102A;252;"
"FAM102B;298;"
"FAM122A;59;"
"FAM125A;168;"
"FAM13A;320;"
"FAM13A;322;"
"FAM188B;308;"
"FAM188B;310;"
"FAM53A;180;"
"FBP27;1013;"
"FCHSD2;707;"
"FGFR1;460;"
"FISH;1007;"
"FKHR2;252;"
"FKHR2;310;"
"FMIP;328;"
"FNIP1;686;"
"FOXK1;418;"
"FOXK1;452;"
"FOXK2;573;"
"FOXO1;316;"
"FRAP;1262;"
"FRS2;138;"
"FRS2;211;"
"FRS2;403;"
"FRS2;503;"
"FXYD1;86;"
"GAB1;304;"
"GAB1;388;"
"GAB2;211;"
"GAB2;388;"
"GAPEX5;746;"
"GAPEX5;902;"
"GARNL3;449;"
"GEMIN5;757;"
"GM479;16;"
"GOLGA4;39;"
"GOLGA4;40;"
"GORASP2;418;"
"GRAMD3;153;"
"GRAMD3;154;"
"GRLF1;1150;"
"GSK3A;21;"
"GSK3B;9;"
"GYS;641;"
"GYS;647;"
"GYS;649;"
"GYS;653;"
"GYS;709;"
"GYS;711;"
"H2B-F;56;"
"H3A;953;"
"HAC1;455;"
"HBO1;207;"
"HBP1;390;"
"HDAC1;406;"
"HNRNPM;527;"
"HSPA12B;276;"
"IFNGR;381;"
"IGF1R;1165;"
"ILK;172;"
"INPP5E;236;"
"INPPL1;987;"
"IQCE;374;"
"IQSEC1;92;"
"IRS1;1171;"
"IRS1;131;"
"IRS1;133;"
"IRS1;135;"
"IRS1;265;"
"IRS1;267;"
"IRS1;268;"
"IRS1;270;"
"IRS1;272;"
"IRS1;298;"
"IRS1;300;"
"IRS1;302;"
"IRS1;306;"
"IRS1;324;"
"IRS1;325;"
"IRS1;343;"
"IRS1;460;"
"IRS1;478;"
"IRS1;481;"
"IRS1;522;"
"IRS1;525;"
"IRS1;628;"
"IRS1;891;"
"IRS1;983;"
"IRS2;1163;"
"IRS2;303;"
"IRS2;305;"
"IRS2;306;"
"IRS2;308;"
"IRS2;309;"
"IRS2;343;"
"IRS2;347;"
"IRS2;362;"
"IRS2;401;"
"IRS2;604;"
"ITPR2;937;"
"IWS1;667;"
"JIP4;203;"
"JMJD1B;290;"
"JMJD1B;292;"
"JMY;56;"
"JMY;58;"
"JMY;702;"
"JNKK1;78;"
"KANK1;325;"
"KIAA0066;379;"
"KIAA0284;421;"
"KIAA0284;881;"
"KIAA0284;882;"
"KIAA0295;413;"
"KIAA0305;120;"
"KIAA0324;2296;"
"KIAA0399;1538;"
"KIAA0440;1197;"
"KIAA0440;1417;"
"KIAA0440;1418;"
"KIAA0440;288;"
"KIAA0589;552;"
"KIAA0599;433;"
"KIAA0599;735;"
"KIAA0599;736;"
"KIAA0638;1039;"
"KIAA0638;1078;"
"KIAA0638;548;"
"KIAA0638;550;"
"KIAA0663;740;"
"KIAA0701;934;"
"KIAA0731;1032;"
"KIAA0819;494;"
"KIAA0938;1116;"
"KIAA1029;1002;"
"KIAA1102;215;"
"KIAA1102;217;"
"KIAA1111;984;"
"KIAA1230;970;"
"KIAA1248;348;"
"KIAA1248;350;"
"KIAA1272;486;"
"KIAA1272;696;"
"KIAA1272;715;"
"KIAA1272;765;"
"KIAA1296;629;"
"KIAA1310;511;"
"KIAA1310;515;"
"KIAA1321;304;"
"KIAA1432;1016;"
"KIAA1457;853;"
"KIAA1741;429;"
"KIAA1741;869;"
"KIAA1741;911;"
"KIAA1745;816;"
"KIAA1753;411;"
"KIAA1849;566;"
"KIAA1881;20;"
"KIAA1881;387;"
"KIAA1927;268;"
"KIAA1927;271;"
"KIAA1927;274;"
"KIAA1927;85;"
"KIAA1999;1135;"
"KIAA1999;1478;"
"KIAA4242;92;"
"KIF13A;1717;"
"KIF13B;1810;"
"KIF5B;945;"
"KLC4;566;"
"LARP4;396;"
"LARP4;400;"
"LDLRAP1;199;"
"LIMK;298;"
"LIMK;310;"
"LIP1;443;"
"LIPE;555;"
"LIPE;693;"
"LIPE;694;"
"LL5B;414;"
"LMN1;404;"
"LMN1;406;"
"LMN1;407;"
"LMO7;1516;"
"LRRFIP1;267;"
"LRRFIP2;324;"
"LRRFIP2;325;"
"LUC7L2;17;"
"LUC7L2;18;"
"MAP1A;1950;"
"MAP3K3;166;"
"MAP4;973;"
"MAP4K4;858;"
"MAP4K4;916;"
"MAP4K6;704;"
"MAPKAP1;86;"
"MAST4;1124;"
"MAST4;1368;"
"MAST4;1776;"
"MCG_122520;100;"
"MCG_142205;153;"
"MCG_142507;600;"
"MCG_23059;96;"
"MCG_23367;44;"
"MCG_23367;46;"
"MCG_23367;64;"
"MCG_2696;566;"
"MCG_51138;25;"
"MCG_5513;333;"
"METTL1;21;"
"MGF;694;"
"MKI67IP;205;"
"MKIAA0035;689;"
"MKIAA1227;439;"
"MLTK;634;"
"MLTK;649;"
"MLTK;687;"
"MRPP1;68;"
"MSK1;814;"
"MTAP1B;1422;"
"MTMR2;89;"
"MTSS1L;354;"
"MTSS1L;564;"
"MYBBP1A;1325;"
"MYCBP2;1621;"
"MYCBP2;2943;"
"MYCBP2;3162;"
"MYH10;1972;"
"MYO18A;160;"
"MYO9A;1220;"
"NBC1;254;"
"NBN;398;"
"NCUBE1;266;"
"NDR1;330;"
"NDR1;340;"
"NDR1;342;"
"NDR1;346;"
"NDR3;329;"
"NDR3;331;"
"NDR3;333;"
"NDR3;334;"
"NDRP;674;"
"NEK3;317;"
"NELFA;277;"
"NF1;2545;"
"NFATC3;345;"
"NFIX;257;"
"NFIX;265;"
"NHE1;607;"
"NHE1;687;"
"NHE1;707;"
"NIPA;406;"
"OCT-1;411;"
"OLFR303;84;"
"OSR1;359;"
"PAR3;1077;"
"PATL1;177;"
"PATL1;178;"
"PATL1;179;"
"PB1;39;"
"PCIF1;26;"
"PCM1;423;"
"PDAP1;178;"
"PDE3B;311;"
"PDE3B;312;"
"PDE3B;334;"
"PDE3B;458;"
"PDE3B;459;"
"PDE3B;462;"
"PDE3B;512;"
"PDE3B;545;"
"PDE3B;574;"
"PDE3B;588;"
"PDZD2;1818;"
"PDZD2;45;"
"PERI;126;"
"PERI;222;"
"PERI;223;"
"PERI;410;"
"PERI;81;"
"PERI;82;"
"PEX10;259;"
"PFKFB2;469;"
"PFKFB2;486;"
"PHF2;1057;"
"PHF3;655;"
"PHF3;660;"
"PHKA2;1030;"
"PHKA2;1033;"
"PHKA2;729;"
"PJA1;204;"
"PLEC1;3889;"
"PLEC1;4245;"
"PLEC1;4477;"
"PLEKHF2;226;"
"PLEKHM1;466;"
"PLS3;293;"
"PLVAP;4;"
"PPFIA1;554;"
"PPP1R9B;100;"
"PRKAA1;496;"
"PRKAG2;109;"
"PRKAG2;122;"
"PRKAG2;90;"
"PRKD2;198;"
"PRKWNK4;675;"
"PROTOR1;11;"
"PROTOR1;372;"
"PTMS;191;"
"PTPN11;546;"
"PTPN12;434;"
"PTPN12;448;"
"PTPN4;403;"
"PTRF;14;"
"PXN;118;"
"R3HDM1;299;"
"RANBP2;1098;"
"RANBP2;1101;"
"RANBP3;56;"
"RANBP3;58;"
"RAPGEF6;1078;"
"RAPGEF6;1214;"
"RAPTOR;721;"
"RBM3;133;"
"RHBDF2;60;"
"RIN2;495;"
"RLIM;163;"
"RNFT1;79;"
"RP23-193A16.5-001;510;"
"RP23-458A23.5-001;117;"
"RP23-458A23.5-001;125;"
"RP24-258K7.2-001;430;"
"RPS6;244;"
"RRBP1;187;"
"RREB1;175;"
"RTKN;520;"
"SAMD4;168;"
"SAP130;864;"
"SASH1;382;"
"SBF1;1047;"
"SBF1;1266;"
"SCARF2;692;"
"SDPR;247;"
"SECISBP2;229;"
"SENP7;12;"
"SENP7;13;"
"SFRS12IP1;96;"
"SH3D19;368;"
"SH3D19;388;"
"SHC;139;"
"SIPA1;72;"
"SNAG1;190;"
"SNX2;117;"
"SNX9;200;"
"SOS1;1120;"
"SOS1;1123;"
"SOS1;1179;"
"SOS1;1183;"
"SPAG7;202;"
"SPRY1;133;"
"SRP72;139;"
"SSBP2;321;"
"ST1A1;263;"
"STIM2;735;"
"STIM2;752;"
"STIM2;754;"
"STIM2;793;"
"STX4;251;"
"SYDE2;1203;"
"TBC1D10B;647;"
"TBC1D10B;673;"
"TENS1;745;"
"TILZ2;167;"
"TJP1;1051;"
"TJP2;988;"
"TLN;467;"
"TMEM63B;111;"
"TNS1;1054;"
"TNS1;1477;"
"TNS1;1489;"
"TNS1;572;"
"TOE1;349;"
"TOM1;400;"
"TPR;2184;"
"TPR;2205;"
"TPR;2223;"
"TRIM56;454;"
"TRIO;2458;"
"TRIO;2462;"
"TRRAP;2075;"
"TSC2;1466;"
"TSC2;939;"
"TSC2;981;"
"TUSC5;80;"
"USP24;1369;"
"VAMP4;15;"
"VIM;39;"
"VPS26B;302;"
"WDR20A;347;"
"WDR44;264;"
"WNK1;168;"
"YTHDC1;118;"
"ZC3HAV1;263;"
"ZC3HAV1;344;"
"ZC3HAV1;350;"
"ZEB2;778;"
"ZEB2;780;"
"ZFYVE20;225;"
"ZNRF2;18;"
"ZNRF2;20;"
