"100043914;89;"
"6330577E15RIK;125;"
"8030462N17RIK;147;"
"ABCA1;1145;"
"ABH5;362;"
"ABHD15;142;"
"ABHD15;146;"
"ABHD15;424;"
"ABHD15;425;"
"ABI1;229;"
"ABI1;231;"
"ABI2;236;"
"ABLIM1;478;"
"ABPL;2234;"
"ABPL;2237;"
"AC091465.1-006;1654;"
"AC164546.1-003;318;"
"ACDP4;661;"
"ACLY;455;"
"AF013969;1071;"
"AF013969;2890;"
"AF013969;632;"
"AF013969;795;"
"AF6;1802;"
"AHCTF1;1928;"
"AHNAK;178;"
"AHNAK;4342;"
"AHNAK;5553;"
"AHNAK;5630;"
"AKAP10;173;"
"AKAP10;278;"
"AKT1;473;"
"AKT1;477;"
"AKT1S1;318;"
"AKT2;309;"
"AKT2;313;"
"AKT2;447;"
"AKT2;451;"
"AKT2;458;"
"AKT2;474;"
"AKT2;476;"
"AKT2;478;"
"AKT3;472;"
"AKT3;476;"
"ALF1;583;"
"AMOTL1;913;"
"ANKS1;461;"
"AP1AR;225;"
"AP1GBP1;936;"
"AP3D;754;"
"AP3D;755;"
"APBB1IP;532;"
"APBB2;341;"
"APC;2726;"
"ARHGAP14;858;"
"ARHGAP21;928;"
"ARHGAP7;195;"
"ARHGAP7;22;"
"ARHGAP7;440;"
"ARHGAP7;467;"
"ARHGAP7;584;"
"ARHGEF17;414;"
"ARHGEF2;114;"
"ARHGEF2;134;"
"ARHJ;9;"
"ARID4A;147;"
"ARL6IP2;23;"
"ARL6IP2;24;"
"ARNTL;42;"
"ARPP19;137;"
"AS160;320;"
"AS160;324;"
"AS160;348;"
"AS160;576;"
"AS160;577;"
"AS160;595;"
"AS160;649;"
"AS160;651;"
"AS160;693;"
"AS160;695;"
"ASAP1;753;"
"ATRX;84;"
"AZI1;114;"
"BAD;112;"
"BAD;134;"
"BAD;136;"
"BAG4;179;"
"BAL;42;"
"BAT2;1217;"
"BAT2;761;"
"BAT2;799;"
"BAT2D;901;"
"BAT2L;1147;"
"BAT2L;415;"
"BBX;159;"
"BC010250;1174;"
"BC059842;2958;"
"BCAR1;305;"
"BCDIN3;126;"
"BCL2L11;73;"
"BCL9;102;"
"BCL9;104;"
"BIKE;1087;"
"BLES03;36;"
"BM28;21;"
"BNIP3L;166;"
"BRF1;92;"
"BRF2;98;"
"C130039O16RIK;456;"
"C2F;16;"
"C78339;70;"
"CABIN1;2121;"
"CABLES1;203;"
"CABLES1;248;"
"CABLES1;251;"
"CABLES1;270;"
"CABLES1;272;"
"CABLES1;376;"
"CALCOCO1;11;"
"CARHSP1;53;"
"CASKIN2;696;"
"CAST2;824;"
"CAV;14;"
"CAV;15;"
"CAV;25;"
"CAV;6;"
"CBLB;886;"
"CBP37;1454;"
"CBP80;7;"
"CBX4;410;"
"CCDC131;356;"
"CCDC88A;1417;"
"CCDC88A;1421;"
"CCM1;276;"
"CCM2;402;"
"CCT2;260;"
"CDC42BPA;1545;"
"CDC42BPA;1651;"
"CEP170;1150;"
"CEP170;1195;"
"CEP170;463;"
"CHETK;39;"
"CHETK;40;"
"CIC;1080;"
"CIC;2299;"
"CIC;662;"
"CKLFSF4;194;"
"CLASP2;1175;"
"CLIP2;552;"
"CLOCK;847;"
"CORO1B;413;"
"CORO7;876;"
"CRK;125;"
"CTDP1;830;"
"D14ERTD453E;246;"
"D1BWG0491E;1769;"
"D8ERTD233E;20;"
"D9ERTD809E;1261;"
"DAB2IP;1031;"
"DAL1;428;"
"DCAF12;13;"
"DDA1;33;"
"DDX17;522;"
"DEF-3;743;"
"DENND1B;633;"
"DENND4A;1152;"
"DENND4A;1282;"
"DEPDC5;1295;"
"DHM2;1215;"
"DOC4;251;"
"DOCK1;1743;"
"DOCK11;1267;"
"DOCK11;23;"
"DOCK4;1733;"
"DOCK7;2119;"
"DOCK7;432;"
"DR1;105;"
"DRES9;1234;"
"DRES9;664;"
"DRES9;665;"
"DTX2;235;"
"EAAT1;523;"
"ECD;539;"
"ECNOS;1174;"
"ECNOS;1176;"
"ECNOS;632;"
"EDC3;161;"
"EDD;636;"
"EEF2K;365;"
"EHBP1;1061;"
"EHBP1L1;1462;"
"EHD2;451;"
"EI24;65;"
"EIF2AK3;551;"
"EIF4B;420;"
"EIF4B;422;"
"EIF4EBP1;10;"
"EIF4EBP1;43;"
"EIF4EBP1;44;"
"EIF4EBP2;2;"
"EML3;158;"
"ENH;111;"
"EPB4.1L1;539;"
"EPB4.1L2;39;"
"EPB4.1L4B;466;"
"ERBB2IP;829;"
"ERK1;205;"
"ERK3;441;"
"ERK3;687;"
"ERRFI1;72;"
"ESE1;313;"
"ESE1;315;"
"EXOC2;432;"
"FAM102A;252;"
"FAM109A;183;"
"FAM122A;59;"
"FAM13A;320;"
"FAM13A;322;"
"FAM188B;308;"
"FAM193A;648;"
"FAT4;4656;"
"FAT4;4704;"
"FBP27;1013;"
"FCHSD2;707;"
"FER;402;"
"FISH;1007;"
"FISH;721;"
"FKBP133;344;"
"FKHR2;252;"
"FKHR2;310;"
"FLN29;450;"
"FMIP;328;"
"FNIP1;686;"
"FOXO1;316;"
"FOXO1;326;"
"FRAP;2448;"
"FRYL;1960;"
"FYCO1;416;"
"GAB1;388;"
"GAB2;211;"
"GAB2;388;"
"GARNL3;449;"
"GOLGA2;722;"
"GOLGA4;39;"
"GOLGA4;41;"
"GPRIN3;572;"
"GPRIN3;577;"
"GRLF1;1150;"
"GSK3A;21;"
"GSK3B;9;"
"H3A;878;"
"HAC1;455;"
"HBP1;390;"
"HMOX1;242;"
"HMOX1;252;"
"HSPA12B;276;"
"HSPA12B;280;"
"IBTK;991;"
"IFNGR;381;"
"IGF1R;1163;"
"IGF1R;1165;"
"IGF1R;1167;"
"IGF1R;1168;"
"INPPL1;987;"
"IQSEC1;92;"
"IRF2BP2;73;"
"IRS1;1094;"
"IRS1;1171;"
"IRS1;131;"
"IRS1;133;"
"IRS1;135;"
"IRS1;265;"
"IRS1;267;"
"IRS1;268;"
"IRS1;270;"
"IRS1;272;"
"IRS1;300;"
"IRS1;302;"
"IRS1;306;"
"IRS1;307;"
"IRS1;325;"
"IRS1;460;"
"IRS1;478;"
"IRS1;481;"
"IRS1;522;"
"IRS1;608;"
"IRS1;891;"
"IRS1;983;"
"IRS2;1137;"
"IRS2;303;"
"IRS2;305;"
"IRS2;306;"
"IRS2;308;"
"IRS2;309;"
"IRS2;343;"
"IRS2;347;"
"IRS2;362;"
"IRS2;401;"
"IRS2;573;"
"ITGB1BP1;11;"
"IWS1;666;"
"IWS1;667;"
"JARID1C;317;"
"JIP4;203;"
"JIP4;716;"
"JMJD1B;290;"
"JMJD1B;292;"
"JMY;134;"
"JMY;58;"
"JMY;702;"
"JNKK1;78;"
"KANK1;325;"
"KIAA0066;379;"
"KIAA0189;477;"
"KIAA0268;1719;"
"KIAA0284;421;"
"KIAA0295;413;"
"KIAA0313;960;"
"KIAA0324;1475;"
"KIAA0324;1495;"
"KIAA0324;1647;"
"KIAA0399;1464;"
"KIAA0399;1535;"
"KIAA0439;371;"
"KIAA0440;288;"
"KIAA0589;552;"
"KIAA0638;1039;"
"KIAA0638;1078;"
"KIAA0638;188;"
"KIAA0638;535;"
"KIAA0663;740;"
"KIAA0701;420;"
"KIAA0731;1032;"
"KIAA0816;1887;"
"KIAA1095;840;"
"KIAA1111;984;"
"KIAA1113;1117;"
"KIAA1230;970;"
"KIAA1248;332;"
"KIAA1248;348;"
"KIAA1248;350;"
"KIAA1272;486;"
"KIAA1272;696;"
"KIAA1272;715;"
"KIAA1272;765;"
"KIAA1432;1016;"
"KIAA1457;687;"
"KIAA1711;132;"
"KIAA1741;1657;"
"KIAA1741;869;"
"KIAA1745;816;"
"KIAA1753;411;"
"KIAA1999;1135;"
"KIAA1999;1478;"
"KIAA4135;649;"
"KIF13A;1717;"
"KIF13B;1810;"
"KIF1B;1050;"
"LDLRAP1;14;"
"LL5B;414;"
"LMN1;404;"
"LMO7;1516;"
"LRRC41;276;"
"MA3;457;"
"MA3;67;"
"MAP1A;1950;"
"MAP3K3;166;"
"MAP3K3;337;"
"MAP4K6;704;"
"MAPKAP1;86;"
"MCG_142205;153;"
"MCG_1636;51;"
"MCG_23059;96;"
"MCG_23367;44;"
"MCG_23367;46;"
"MCG_5513;333;"
"MDM2;185;"
"METTL1;21;"
"MGF;694;"
"MKI67IP;270;"
"MKIAA0035;625;"
"MKIAA0857;280;"
"MKIAA1227;439;"
"MKNK2;450;"
"MNCB-3527;736;"
"MSK1;814;"
"MTAP1B;1422;"
"MTMR14;528;"
"MYBBP1A;1325;"
"MYCBP2;2943;"
"MYCBP2;3577;"
"MYNN;263;"
"NCAM;1005;"
"NCAM;774;"
"NCL;189;"
"NCL;212;"
"NDR1;330;"
"NDR1;340;"
"NDR1;342;"
"NDR1;346;"
"NDR1;366;"
"NDR3;329;"
"NDR3;331;"
"NDR3;333;"
"NDRP;1315;"
"NEK3;317;"
"NELFA;277;"
"NFAT3;259;"
"NHE1;687;"
"NHE1;707;"
"NHSL2;499;"
"NHSL2;599;"
"NIPA;406;"
"NNX3;415;"
"NOL1;59;"
"NUMA1;1974;"
"NUP153;218;"
"PANK2;75;"
"PAR3;1077;"
"PAR3;1173;"
"PARP3;8;"
"PB1;39;"
"PDE3B;311;"
"PDE3B;312;"
"PDE3B;334;"
"PDE3B;458;"
"PDE3B;459;"
"PDE3B;462;"
"PDE3B;512;"
"PDE3B;545;"
"PDE3B;574;"
"PDE3B;577;"
"PDE4D;11;"
"PDLIM2;143;"
"PFKFB2;469;"
"PFKFB2;486;"
"PHF2;1057;"
"PHF3;1882;"
"PHF3;656;"
"PI4KA;172;"
"PLCG1;1248;"
"PLEC1;1295;"
"PLEC1;4245;"
"PLEKHF2;226;"
"PLEKHM1;466;"
"PNN;699;"
"PNN;96;"
"PPFIA1;554;"
"PRKAA1;496;"
"PRKAG2;109;"
"PRKAG2;110;"
"PRKAG2;122;"
"PRKD2;197;"
"PRKD2;198;"
"PTMS;191;"
"PTPN11;546;"
"PTRF;14;"
"R3HDM1;299;"
"RAB40C;262;"
"RANBP2;1101;"
"RANBP3;56;"
"RANBP3;58;"
"RANBP3;60;"
"RAPGEF6;1102;"
"RAPTOR;721;"
"RBM7;203;"
"REPS1;708;"
"RHBDF2;359;"
"RIN1;340;"
"RIN2;495;"
"RLIM;163;"
"RNFT1;79;"
"RP23-133N19.2-002;2078;"
"RP23-458A23.5-001;117;"
"RP23-458A23.5-001;125;"
"RP24-258K7.2-001;430;"
"RPS6;244;"
"RPS6KB1;427;"
"RPS6KB1;452;"
"RPS6KB2;416;"
"RREB1;1683;"
"RSRC2;103;"
"RTKN;520;"
"SAMD4;168;"
"SASH1;382;"
"SBF1;1266;"
"SCARF2;692;"
"SECISBP2;229;"
"SENP7;12;"
"SENP7;13;"
"SFRS12IP1;94;"
"SFRS12IP1;96;"
"SGT;307;"
"SIPA1;53;"
"SIPA1;72;"
"SNX2;117;"
"SOS1;1147;"
"SOX6;126;"
"SPIR-2;445;"
"SPRY1;133;"
"SRP72;139;"
"SRPK2;488;"
"STARD13;572;"
"STX12;139;"
"STX4;251;"
"STX7;126;"
"TCFL1;102;"
"TMCC3;46;"
"TMCC3;48;"
"TMOD3;71;"
"TNS1;1054;"
"TNS1;1489;"
"TNS1;572;"
"TOE1;349;"
"TOM1;400;"
"TPR;2184;"
"TRA2A;236;"
"TRPS1;892;"
"TSC2;1130;"
"TSC2;1466;"
"TSC2;939;"
"TSC2;981;"
"USP24;1369;"
"USP45;525;"
"UVRAG;521;"
"VAMP4;15;"
"VIM;39;"
"VIM;72;"
"WDR20A;347;"
"WHIP;75;"
"ZC3HAV1;344;"
"ZFP574;301;"
"ZFR;1054;"
"ZFYVE20;229;"
"ZNRF2;18;"
"ZNRF2;75;"
