"100043914;88;"
"100043914;89;"
"1110018J18RIK;18;"
"1700017B05RIK;964;"
"1700037H04RIK;147;"
"1810008A18RIK;38;"
"2310014H01RIK;234;"
"3230401D17RIK;82;"
"3230401D17RIK;84;"
"3BP1;553;"
"6330577E15RIK;125;"
"6330577E15RIK;127;"
"8030462N17RIK;143;"
"8030462N17RIK;147;"
"8030462N17RIK;66;"
"8030462N17RIK;69;"
"A170;272;"
"A2LP;109;"
"A2LP;447;"
"A2LP;591;"
"A2LP;681;"
"AAGAB;211;"
"AAK1;616;"
"AAK1;672;"
"AAK1;844;"
"AARS;399;"
"AARSD1;88;"
"AATYK2;1358;"
"AATYK2;1359;"
"ABCA1;1145;"
"ABCF1;22;"
"ABH5;362;"
"ABHD15;142;"
"ABHD15;146;"
"ABHD15;424;"
"ABHD15;425;"
"ABI1;229;"
"ABI1;231;"
"ABI1;296;"
"ABI2;236;"
"ABIN;279;"
"ABL2;621;"
"ABLIM1;350;"
"ABLIM1;477;"
"ABLIM1;478;"
"ABP1;291;"
"ABPL;2234;"
"ABPL;2237;"
"ABPL;2625;"
"AC091465.1-006;1650;"
"AC091465.1-006;1654;"
"AC091465.1-006;1783;"
"AC091465.1-006;1791;"
"AC164546.1-003;318;"
"AC164546.1-003;319;"
"ACAC;1258;"
"ACAC;1262;"
"ACAC;23;"
"ACAC;34;"
"ACAC;49;"
"ACAC;54;"
"ACAC;77;"
"ACACB;136;"
"ACADM;351;"
"ACAP2;545;"
"ACBD4;164;"
"ACBD5;418;"
"ACDP4;661;"
"ACLY;455;"
"ACSS2;263;"
"ACTP;14;"
"ACTP;16;"
"ACTP;8;"
"ADAM17;788;"
"ADAM17;807;"
"ADAT1;191;"
"ADAT1;207;"
"ADCY6;53;"
"ADCY9;1259;"
"ADCY9;688;"
"ADCY9;690;"
"ADCY9;691;"
"ADD1;12;"
"ADD1;431;"
"ADD1;610;"
"ADD1;613;"
"ADD1;614;"
"ADD3;402;"
"ADD3;42;"
"ADD3;423;"
"ADSS;2;"
"ADTAA;655;"
"AF013969;1071;"
"AF013969;236;"
"AF013969;2890;"
"AF013969;632;"
"AF013969;637;"
"AF013969;655;"
"AF013969;656;"
"AF013969;795;"
"AF6;1189;"
"AF6;1218;"
"AF6;1517;"
"AF6;1802;"
"AF6;216;"
"AF6;557;"
"AFX;230;"
"AGFG1;181;"
"AGPAT9;77;"
"AGS3;501;"
"AHCTF1;1214;"
"AHCTF1;1218;"
"AHCTF1;1507;"
"AHCTF1;1928;"
"AHCTF1;1930;"
"AHCTF1;1931;"
"AHCYL2;109;"
"AHDC1;1498;"
"AHNAK;136;"
"AHNAK;178;"
"AHNAK;217;"
"AHNAK;2381;"
"AHNAK;2985;"
"AHNAK;3088;"
"AHNAK;4342;"
"AHNAK;4879;"
"AHNAK;4890;"
"AHNAK;5099;"
"AHNAK;5535;"
"AHNAK;5536;"
"AHNAK;5553;"
"AHNAK;5557;"
"AHNAK;5566;"
"AHNAK;5569;"
"AHNAK;5629;"
"AHNAK;5630;"
"AHNAK;5632;"
"AHNAK;5633;"
"AHNAK;576;"
"AHNAK;76;"
"AHNAK2;286;"
"AHNAK2;290;"
"AHNAK2;652;"
"AI196514;280;"
"AKAP;137;"
"AKAP10;173;"
"AKAP10;278;"
"AKAP10;281;"
"AKAP11;1096;"
"AKAP11;1128;"
"AKAP11;1563;"
"AKAP11;244;"
"AKAP11;434;"
"AKAP11;448;"
"AKAP12;1292;"
"AKAP12;1351;"
"AKAP12;265;"
"AKAP12;270;"
"AKAP12;272;"
"AKAP12;273;"
"AKAP13;1475;"
"AKAP13;2379;"
"AKAP13;2710;"
"AKAP13;487;"
"AKAP2;1012;"
"AKAP2;239;"
"AKAP2;271;"
"AKAP2;275;"
"AKAP2;362;"
"AKAP2;364;"
"AKAP2;984;"
"AKAP9;1475;"
"AKAP9;3676;"
"AKAP9;3705;"
"AKT1;473;"
"AKT1;477;"
"AKT1S1;255;"
"AKT1S1;318;"
"AKT2;309;"
"AKT2;313;"
"AKT2;34;"
"AKT2;447;"
"AKT2;451;"
"AKT2;458;"
"AKT2;474;"
"AKT2;476;"
"AKT2;478;"
"AKT3;472;"
"AKT3;476;"
"AL592169.1-001;262;"
"ALDH1A7;3;"
"ALF1;386;"
"ALF1;583;"
"ALF1;79;"
"ALG4;1468;"
"ALS2CR13;12;"
"AMOTL1;913;"
"ANAPC1;1347;"
"ANAPC1;343;"
"ANAPC2;143;"
"ANAPC2;549;"
"ANAPC8;562;"
"ANAPC8;582;"
"ANAPC8;596;"
"ANIA6A;341;"
"ANIA6A;347;"
"ANKIB1;892;"
"ANKLE2;820;"
"ANKRD17;1692;"
"ANKRD17;1705;"
"ANKRD17;2038;"
"ANKRD17;2040;"
"ANKRD17;2041;"
"ANKRD17;2401;"
"ANKRD17;42;"
"ANKRD25;178;"
"ANKRD44;1001;"
"ANKRD50;177;"
"ANKRD57;204;"
"ANKRD57;205;"
"ANKS1;461;"
"ANO8;638;"
"ANX1;37;"
"AP1AR;225;"
"AP1GBP1;842;"
"AP1GBP1;936;"
"AP3D;754;"
"AP3D;755;"
"AP3D;825;"
"AP4E1;851;"
"APACD;223;"
"APBB1IP;532;"
"APBB1IP;537;"
"APBB2;341;"
"APC;2726;"
"APEH;187;"
"APG16L;287;"
"APG2;540;"
"API5;457;"
"APLF;330;"
"APOB48R;398;"
"APPL1;401;"
"APRF;714;"
"APRF;727;"
"APRIN;1176;"
"APRIN;1177;"
"ARA160;112;"
"ARA55;186;"
"ARA55;194;"
"ARA55;68;"
"ARAF;162;"
"ARAF;181;"
"ARAF;186;"
"ARAF;255;"
"ARAF;257;"
"ARF1GAP;246;"
"ARF1GAP;342;"
"ARFGAP2;145;"
"ARFGAP2;347;"
"ARFGAP3;143;"
"ARFGAP3;332;"
"ARFGAP3;376;"
"ARFGAP3;460;"
"ARFGEF1;243;"
"ARFGEF1;52;"
"ARFGEF2;218;"
"ARFGEF2;244;"
"ARFGEF2;624;"
"ARFIP1;36;"
"ARFIP2;72;"
"ARHGAP12;163;"
"ARHGAP14;837;"
"ARHGAP14;858;"
"ARHGAP21;928;"
"ARHGAP23;426;"
"ARHGAP24;374;"
"ARHGAP24;380;"
"ARHGAP24;390;"
"ARHGAP24;401;"
"ARHGAP24;405;"
"ARHGAP24;624;"
"ARHGAP29;1000;"
"ARHGAP29;1149;"
"ARHGAP29;920;"
"ARHGAP39;284;"
"ARHGAP5;1125;"
"ARHGAP5;1177;"
"ARHGAP5;1196;"
"ARHGAP5;1203;"
"ARHGAP5;590;"
"ARHGAP5;765;"
"ARHGAP5;968;"
"ARHGAP6;713;"
"ARHGAP7;163;"
"ARHGAP7;195;"
"ARHGAP7;22;"
"ARHGAP7;440;"
"ARHGAP7;467;"
"ARHGAP7;544;"
"ARHGAP7;584;"
"ARHGEF11;1463;"
"ARHGEF11;557;"
"ARHGEF12;190;"
"ARHGEF12;638;"
"ARHGEF12;737;"
"ARHGEF17;329;"
"ARHGEF17;330;"
"ARHGEF17;414;"
"ARHGEF17;611;"
"ARHGEF17;953;"
"ARHGEF18;577;"
"ARHGEF2;113;"
"ARHGEF2;114;"
"ARHGEF2;134;"
"ARHGEF2;143;"
"ARHGEF2;167;"
"ARHGEF2;169;"
"ARHGEF2;947;"
"ARHGEF2;951;"
"ARHGEF5;742;"
"ARHGEF5;851;"
"ARHGEF6;673;"
"ARHGEF7;228;"
"ARHJ;9;"
"ARID4A;147;"
"ARID4B;830;"
"ARL6IP2;23;"
"ARL6IP2;24;"
"ARMC1;260;"
"ARNTL;42;"
"AROM;267;"
"ARPP19;137;"
"AS160;320;"
"AS160;324;"
"AS160;348;"
"AS160;576;"
"AS160;577;"
"AS160;595;"
"AS160;612;"
"AS160;616;"
"AS160;620;"
"AS160;624;"
"AS160;649;"
"AS160;651;"
"AS160;673;"
"AS160;679;"
"AS160;693;"
"AS160;694;"
"AS160;695;"
"AS160;696;"
"AS160;731;"
"ASAP1;1045;"
"ASAP1;753;"
"ASAP1;858;"
"ASK1;1036;"
"ASPSCR1;279;"
"ATBF1;3431;"
"ATBP;491;"
"ATBP;495;"
"ATBP;505;"
"ATBP;511;"
"ATBP;518;"
"ATBP;612;"
"ATE1;174;"
"ATF2;51;"
"ATF2;53;"
"ATF7;423;"
"ATG2A;774;"
"ATG2B;1003;"
"ATG2B;1741;"
"ATG2B;240;"
"ATG2B;255;"
"ATG2B;379;"
"ATG2B;494;"
"ATG2B;885;"
"ATGL;412;"
"ATL1;10;"
"ATP11A;498;"
"ATP2B1;1178;"
"ATRX;1232;"
"ATRX;691;"
"ATRX;84;"
"ATX2;523;"
"ATX2;702;"
"ATX2;836;"
"ATXN1;382;"
"ATXN1;62;"
"ATXN1L;282;"
"ATXN1L;359;"
"AU019823;138;"
"AUP1;319;"
"AXIN;610;"
"AXIN;615;"
"AZI1;114;"
"B9L;1001;"
"B9L;1007;"
"B9L;121;"
"B9L;912;"
"B9L;972;"
"B9L;994;"
"B9L;996;"
"BACH1;448;"
"BAD;111;"
"BAD;112;"
"BAD;134;"
"BAD;136;"
"BAF170;304;"
"BAG3;274;"
"BAG3;297;"
"BAG3;380;"
"BAG4;179;"
"BAIAP2;326;"
"BAL;42;"
"BARA;65;"
"BAT2;1002;"
"BAT2;1081;"
"BAT2;1104;"
"BAT2;1145;"
"BAT2;1217;"
"BAT2;759;"
"BAT2;761;"
"BAT2;764;"
"BAT2;799;"
"BAT2;807;"
"BAT2;974;"
"BAT2D;102;"
"BAT2D;2634;"
"BAT2D;2638;"
"BAT2D;755;"
"BAT2D;901;"
"BAT2D;904;"
"BAT2L;1147;"
"BAT2L;1149;"
"BAT2L;415;"
"BAZ2A;135;"
"BBX;159;"
"BBX;242;"
"BC010250;1174;"
"BC010250;1176;"
"BC010250;1178;"
"BC031601;743;"
"BC031601;753;"
"BC032281;2208;"
"BC032281;2217;"
"BC039210;1645;"
"BC059842;1641;"
"BC059842;1650;"
"BC059842;2135;"
"BC059842;2958;"
"BC059842;357;"
"BCAR1;305;"
"BCAR1;308;"
"BCAR1;432;"
"BCAS3;488;"
"BCAS3;492;"
"BCAS3;823;"
"BCAS3;869;"
"BCDIN3;126;"
"BCL10;138;"
"BCL2L11;73;"
"BCL2L13;299;"
"BCL2L13;35;"
"BCL9;102;"
"BCL9;104;"
"BCL9;916;"
"BCLAF1;688;"
"BCNT;203;"
"BDP1;1870;"
"BET1L;37;"
"BG;2564;"
"BICC1;635;"
"BICD2;331;"
"BID;66;"
"BIKE;1087;"
"BIKE;1091;"
"BIRC2;153;"
"BIRC6;2950;"
"BIRC6;3586;"
"BIRC6;4844;"
"BIRC6;552;"
"BLES03;36;"
"BLVRA;236;"
"BLVRB;38;"
"BM28;21;"
"BM28;25;"
"BM28;27;"
"BMCC1;1876;"
"BNIP3L;166;"
"BNIP3L;86;"
"BOLA1;23;"
"BORG1;137;"
"BORG1;141;"
"BORG1;145;"
"BORG2;108;"
"BORG5;332;"
"BPAG1;2521;"
"BPTF;1302;"
"BPY2IP1;670;"
"BPY2IP1;724;"
"BRAF;135;"
"BRAP;116;"
"BRD4;1154;"
"BRD8;264;"
"BRD8;268;"
"BRF1;334;"
"BRF1;54;"
"BRF1;92;"
"BRF2;257;"
"BRF2;44;"
"BRF2;98;"
"BRSK1;563;"
"BRUNOL2;22;"
"BRWD1;697;"
"BSAC;403;"
"BSAC;520;"
"BSAC;6;"
"BSDC1;384;"
"BTBD15;161;"
"BTRC;127;"
"BUD13;131;"
"BUD13;183;"
"BUD13;187;"
"BUD13;222;"
"BUD13;297;"
"BW;414;"
"BW;516;"
"C130039O16RIK;456;"
"C2CD2L;417;"
"C2F;16;"
"C78339;31;"
"C78339;45;"
"C78339;70;"
"CABIN1;2121;"
"CABIN1;2123;"
"CABLES1;203;"
"CABLES1;248;"
"CABLES1;251;"
"CABLES1;270;"
"CABLES1;272;"
"CABLES1;376;"
"CABLES1;379;"
"CABLES1;382;"
"CACNG7;227;"
"CACNG7;228;"
"CAD-11;714;"
"CAD;1900;"
"CALCOCO1;11;"
"CALCOCO1;563;"
"CALD1;170;"
"CALD1;526;"
"CAMSAP1;1069;"
"CAMSAP1L1;855;"
"CAP70;492;"
"CARF;124;"
"CARF;189;"
"CARHSP1;53;"
"CARMIL;1335;"
"CASC3;360;"
"CASKIN2;696;"
"CASKIN2;699;"
"CASKIN2;855;"
"CASKIN2;874;"
"CASP8;213;"
"CAST;11;"
"CAST;219;"
"CAST;303;"
"CAST;309;"
"CAST;324;"
"CAST;467;"
"CAST2;824;"
"CATNB;191;"
"CAV;11;"
"CAV;14;"
"CAV;15;"
"CAV;25;"
"CAV;6;"
"CBF-A;260;"
"CBFB;173;"
"CBLB;484;"
"CBLB;521;"
"CBLB;525;"
"CBLB;529;"
"CBLB;886;"
"CBP;185;"
"CBP;268;"
"CBP37;1281;"
"CBP37;1454;"
"CBP80;21;"
"CBP80;22;"
"CBP80;7;"
"CBR;3;"
"CBX3;93;"
"CBX4;410;"
"CBX5;92;"
"CBX5;93;"
"CCDC130;300;"
"CCDC131;356;"
"CCDC16;187;"
"CCDC50;32;"
"CCDC61;330;"
"CCDC61;332;"
"CCDC88A;1417;"
"CCDC88A;1419;"
"CCDC88A;1421;"
"CCDC88A;1719;"
"CCM1;276;"
"CCM2;402;"
"CCM2;405;"
"CCM2;408;"
"CCNE1;385;"
"CCNE1;393;"
"CCT2;260;"
"CCT3;252;"
"CDC42BPA;1545;"
"CDC42BPA;1651;"
"CDC42BPB;1680;"
"CDC42SE1;75;"
"CDK14;123;"
"CDK14;126;"
"CDK16;138;"
"CDKL5;407;"
"CDR2;310;"
"CDW12;835;"
"CDW12;849;"
"CDYL;153;"
"CDYL;154;"
"CEP170;1150;"
"CEP170;1155;"
"CEP170;1195;"
"CEP170;1200;"
"CEP170;463;"
"CEP170;912;"
"CEP350;1256;"
"CEP350;1259;"
"CEP63;488;"
"CEP63;492;"
"CGNL1;443;"
"CHAT;465;"
"CHCHD3;113;"
"CHD2;1727;"
"CHD8;1997;"
"CHD8;1999;"
"CHETK;39;"
"CHETK;40;"
"CHFR;214;"
"CHMP2B;199;"
"CIAPIN1;269;"
"CIC;1080;"
"CIC;1338;"
"CIC;1343;"
"CIC;1807;"
"CIC;1809;"
"CIC;2275;"
"CIC;2277;"
"CIC;2283;"
"CIC;2299;"
"CIC;2300;"
"CIC;2310;"
"CIC;2311;"
"CIC;662;"
"CIC;753;"
"CIC;758;"
"CIC;766;"
"CIP4;350;"
"CIS4;309;"
"CKLFSF4;194;"
"CKLFSF4;199;"
"CKLFSF4;208;"
"CLASP1;729;"
"CLASP2;1175;"
"CLASP2;1232;"
"CLASP2;1233;"
"CLASP2;694;"
"CLASP2;696;"
"CLAST4;352;"
"CLCC1;434;"
"CLCC1;438;"
"CLIM1;237;"
"CLINT1;308;"
"CLIP2;552;"
"CLIP2;909;"
"CLMN;724;"
"CLOCK;847;"
"CLP1;52;"
"CMIP;377;"
"CNBP;49;"
"CNOT4;271;"
"CNTROB;782;"
"COASY;182;"
"COBLL1;1011;"
"COBLL1;1012;"
"COBLL1;1059;"
"COBLL1;1060;"
"COBLL1;281;"
"COBLL1;287;"
"COBLL1;350;"
"COBLL1;352;"
"COBLL1;489;"
"COBLL1;738;"
"COBLL1;995;"
"COBLL1;996;"
"COH1;1026;"
"COIL;225;"
"COPB2;860;"
"COPS1;475;"
"CORO1B;413;"
"CORO1B;419;"
"CORO7;876;"
"CPEB2;254;"
"CPEB3;197;"
"CPEB4;97;"
"CPK;261;"
"CPLA2;726;"
"CPNE1;54;"
"CPSF7;194;"
"CPSF7;197;"
"CRAF;234;"
"CRAF;29;"
"CRAF;309;"
"CRAF;321;"
"CRAF;330;"
"CRAF;661;"
"CRAF;662;"
"CRK;125;"
"CRK;74;"
"CROCC;494;"
"CROCC;496;"
"CRSP210;1209;"
"CRSP210;1435;"
"CRSP210;1484;"
"CRSP210;588;"
"CRTC2;434;"
"CRTC2;457;"
"CRTC2;461;"
"CRTC2;90;"
"CRTC3;391;"
"CRTC3;394;"
"CRTC3;396;"
"CRYAC;87;"
"CRYBG3;71;"
"CSDA;33;"
"CSMA;1028;"
"CSMA;584;"
"CTAGE5;510;"
"CTAGE5;515;"
"CTAGE5;669;"
"CTDP1;830;"
"CTDSPL2;9;"
"CTIF;299;"
"CTPCT;315;"
"CTPCT;323;"
"CTPS;562;"
"CTPS;575;"
"CTTN;418;"
"CUL4A;10;"
"CYTSB;133;"
"D11ERTD307E;871;"
"D13WSU64E;500;"
"D13WSU64E;629;"
"D13WSU64E;739;"
"D14ABB1E;339;"
"D14ERTD453E;203;"
"D14ERTD453E;207;"
"D14ERTD453E;244;"
"D14ERTD453E;246;"
"D15ERTD366E;360;"
"D15ERTD366E;602;"
"D15ERTD405E;46;"
"D15ERTD621E;671;"
"D15MIT260;305;"
"D15MIT260;311;"
"D15MIT260;628;"
"D19ERTD721E;188;"
"D19ERTD721E;200;"
"D1BWG0491E;1510;"
"D1BWG0491E;1511;"
"D1BWG0491E;1514;"
"D1BWG0491E;1769;"
"D1BWG0491E;1774;"
"D1ERTD53E;498;"
"D2BWG0891E;117;"
"D2LIC;22;"
"D3ERTD194E;522;"
"D3ERTD300E;492;"
"D4WSU132E;517;"
"D5BWG0860E;53;"
"D5ERTD579E;163;"
"D5ERTD593E;137;"
"D6WSU116E;798;"
"D6WSU116E;832;"
"D6WSU116E;833;"
"D6WSU116E;867;"
"D6WSU116E;873;"
"D8ERTD233E;19;"
"D8ERTD233E;20;"
"D8ERTD325E;602;"
"D8ERTD457E;416;"
"D8ERTD457E;421;"
"D8ERTD457E;434;"
"D8ERTD457E;441;"
"D8ERTD82E;131;"
"D8ERTD82E;209;"
"D9ERTD809E;1261;"
"DAB2IP;1031;"
"DAB2IP;702;"
"DAB2IP;974;"
"DAB2IP;995;"
"DAL1;428;"
"DAL1;587;"
"DAL1;588;"
"DAL1;64;"
"DAL1;792;"
"DAL1;96;"
"DAP;2;"
"DAP;3;"
"DAPK1;324;"
"DAPK1;762;"
"DAXX;516;"
"DCAF12;13;"
"DCAF12;15;"
"DCAF6;336;"
"DCAMKL1;307;"
"DCAMKL1;32;"
"DCAMKL1;330;"
"DCAMKL1;332;"
"DCAMKL1;337;"
"DCAMKL1;34;"
"DCAMKL1;353;"
"DCAMKL1;355;"
"DCAMKL1;36;"
"DCP1A;246;"
"DCP1A;339;"
"DCP1A;545;"
"DDA1;33;"
"DDI2;128;"
"DDX17;494;"
"DDX17;522;"
"DDX24;216;"
"DDX32;19;"
"DDXBP1;488;"
"DEF-3;743;"
"DENND1A;523;"
"DENND1A;536;"
"DENND1A;608;"
"DENND1B;632;"
"DENND1B;633;"
"DENND2A;497;"
"DENND4A;1152;"
"DENND4A;1225;"
"DENND4A;1282;"
"DENND4A;1584;"
"DENND4C;1015;"
"DENND4C;1020;"
"DENND4C;1136;"
"DENND4C;1289;"
"DENND4C;1686;"
"DENND5B;1062;"
"DEPDC1A;513;"
"DEPDC5;1295;"
"DEPDC6;265;"
"DEPDC6;293;"
"DEPDC6;299;"
"DHC1;4366;"
"DHM2;1215;"
"DLG1;158;"
"DLG1;783;"
"DLG5;1305;"
"DLG5;1669;"
"DLGAP4;714;"
"DMN;1049;"
"DMN;1087;"
"DMN;599;"
"DMXL2;1399;"
"DMXL2;2637;"
"DNAJC2;48;"
"DNCLI1;207;"
"DNCLI1;516;"
"DNM;774;"
"DNM;847;"
"DNM1L;596;"
"DNMBP;658;"
"DOC4;251;"
"DOCK1;1681;"
"DOCK1;1743;"
"DOCK1;1767;"
"DOCK1;1772;"
"DOCK11;1267;"
"DOCK11;23;"
"DOCK4;1733;"
"DOCK4;1817;"
"DOCK4;1824;"
"DOCK7;1382;"
"DOCK7;180;"
"DOCK7;2119;"
"DOCK7;432;"
"DOCK7;888;"
"DOCK7;898;"
"DOCK7;910;"
"DOPEY2;1167;"
"DOPEY2;597;"
"DOS;535;"
"DPYSL3;101;"
"DPYSL3;627;"
"DPYSL3;631;"
"DPYSL3;635;"
"DR1;105;"
"DR1;106;"
"DRES9;1234;"
"DRES9;1236;"
"DRES9;600;"
"DRES9;664;"
"DRES9;665;"
"DSIP1;43;"
"DSIP1;73;"
"DSN;24;"
"DSTYK;314;"
"DTD;12;"
"DTX2;235;"
"DVL3;695;"
"DVL3;697;"
"DVL3;700;"
"DYNC1I2;174;"
"E4TF1A;303;"
"EAAT1;523;"
"EAP1;313;"
"EAR1;323;"
"ECD;539;"
"ECNOS;1174;"
"ECNOS;1176;"
"ECNOS;632;"
"EDC3;131;"
"EDC3;161;"
"EDD;1549;"
"EDD;636;"
"EDD;637;"
"EDG5;331;"
"EDR;30;"
"EEF1D;133;"
"EEF2K;347;"
"EEF2K;365;"
"EEF2K;71;"
"EEF2K;73;"
"EEF2K;76;"
"EEF2K;77;"
"EFHD2;74;"
"EHBP1;1061;"
"EHBP1;171;"
"EHBP1;174;"
"EHBP1L1;1446;"
"EHBP1L1;1462;"
"EHD1;456;"
"EHD2;451;"
"EHD2;484;"
"EHD4;376;"
"EHD4;459;"
"EI24;344;"
"EI24;348;"
"EI24;65;"
"EIF2AK3;551;"
"EIF2AK3;553;"
"EIF2B5;28;"
"EIF3B;111;"
"EIF3B;40;"
"EIF3M;337;"
"EIF4B;219;"
"EIF4B;230;"
"EIF4B;340;"
"EIF4B;418;"
"EIF4B;420;"
"EIF4B;422;"
"EIF4B;424;"
"EIF4B;425;"
"EIF4B;459;"
"EIF4EBP1;10;"
"EIF4EBP1;2;"
"EIF4EBP1;33;"
"EIF4EBP1;35;"
"EIF4EBP1;36;"
"EIF4EBP1;43;"
"EIF4EBP1;44;"
"EIF4EBP1;5;"
"EIF4EBP1;64;"
"EIF4EBP2;2;"
"EIF4EBP2;37;"
"EIF4EBP2;46;"
"EIF4G1;1149;"
"EIF4G1;1196;"
"EIF4G1;214;"
"EIF4G2;507;"
"EIF4G3;447;"
"EMK;40;"
"EMK;453;"
"EMK;616;"
"EMK2;469;"
"EMK2;543;"
"EML3;157;"
"EML3;158;"
"EML3;199;"
"EML5;1312;"
"EML5;1313;"
"ENH;111;"
"ENH;359;"
"ENO1;263;"
"ENX1H;380;"
"EP;290;"
"EPB4.1L1;33;"
"EPB4.1L1;440;"
"EPB4.1L1;474;"
"EPB4.1L1;539;"
"EPB4.1L1;540;"
"EPB4.1L1;543;"
"EPB4.1L1;545;"
"EPB4.1L1;549;"
"EPB4.1L2;39;"
"EPB4.1L4B;466;"
"EPB4.1L5;613;"
"EPB4.9;156;"
"EPB4.9;26;"
"EPB4.9;92;"
"EPB4.9;96;"
"EPB4;441;"
"EPB4;443;"
"EPB4;721;"
"EPS15;779;"
"EPS15L1;229;"
"EPS15L1;255;"
"EPS15L1;695;"
"ERBB2IP;1125;"
"ERBB2IP;1171;"
"ERBB2IP;1324;"
"ERBB2IP;829;"
"ERCC4;363;"
"ERF;20;"
"ERF;3;"
"ERF;7;"
"ERK1;203;"
"ERK1;205;"
"ERK2;183;"
"ERK2;185;"
"ERK3;441;"
"ERK3;683;"
"ERK3;687;"
"ERK3;704;"
"ERRFI1;72;"
"ESE1;313;"
"ESE1;315;"
"ESE1;566;"
"ESE1;987;"
"EST1C;778;"
"ETL1;144;"
"ETL1;79;"
"EXOC2;432;"
"EXOC2;435;"
"EXOC4;32;"
"FADK;939;"
"FAFL;374;"
"FAFL;375;"
"FAFL;593;"
"FAM102A;252;"
"FAM102B;228;"
"FAM109A;183;"
"FAM114A1;206;"
"FAM117A;412;"
"FAM120C;436;"
"FAM122A;140;"
"FAM122A;146;"
"FAM122A;184;"
"FAM122A;186;"
"FAM122A;273;"
"FAM122A;59;"
"FAM122A;73;"
"FAM129A;578;"
"FAM129A;601;"
"FAM129B;669;"
"FAM129B;670;"
"FAM129B;674;"
"FAM129B;685;"
"FAM129B;686;"
"FAM129B;695;"
"FAM129B;699;"
"FAM134C;26;"
"FAM13A;261;"
"FAM13A;267;"
"FAM13A;287;"
"FAM13A;320;"
"FAM13A;321;"
"FAM13A;322;"
"FAM13A;397;"
"FAM13A;526;"
"FAM13A;533;"
"FAM177A1;64;"
"FAM188B;308;"
"FAM193A;293;"
"FAM193A;302;"
"FAM193A;648;"
"FAM193A;683;"
"FAM195B;21;"
"FAM195B;23;"
"FAM40B;798;"
"FAM53A;119;"
"FAM53C;162;"
"FAM63A;103;"
"FAM65A;421;"
"FAM83H;937;"
"FARP1;20;"
"FARP1;427;"
"FARP2;1034;"
"FARP2;1058;"
"FASN;980;"
"FAT4;4656;"
"FAT4;4704;"
"FBLN2;574;"
"FBP27;1013;"
"FBP27;994;"
"FBXL11;718;"
"FBXL4;267;"
"FBXO30;383;"
"FCHO2;387;"
"FCHO2;414;"
"FCHSD2;705;"
"FCHSD2;707;"
"FER;402;"
"FGD1;714;"
"FGFR1;460;"
"FHOD1;499;"
"FHOD1;502;"
"FISH;1007;"
"FISH;1047;"
"FISH;405;"
"FISH;420;"
"FISH;546;"
"FISH;721;"
"FKBP133;344;"
"FKHR2;252;"
"FKHR2;310;"
"FLI1;436;"
"FLN;1750;"
"FLN;2152;"
"FLN29;450;"
"FLN29;478;"
"FMIP;328;"
"FMNL2;183;"
"FNBP1;357;"
"FNIP1;686;"
"FOG2;434;"
"FOXK1;225;"
"FOXK1;243;"
"FOXO1;295;"
"FOXO1;316;"
"FOXO1;326;"
"FOXP4;296;"
"FRAP;2448;"
"FRAP;2454;"
"FRAP;2473;"
"FRAP;2474;"
"FRAP;2481;"
"FRS2;132;"
"FRS2;135;"
"FRS2;137;"
"FRS2;138;"
"FRS2;155;"
"FRS2;211;"
"FRS2;403;"
"FRS2;428;"
"FRS2;503;"
"FRYL;1960;"
"FTSJD2;28;"
"FTSJD2;30;"
"FUBP3;536;"
"FXR1;523;"
"FYCO1;416;"
"GAB1;266;"
"GAB1;304;"
"GAB1;388;"
"GAB1;420;"
"GAB2;142;"
"GAB2;143;"
"GAB2;211;"
"GAB2;388;"
"GAB2;532;"
"GABARAPL2;10;"
"GAK;847;"
"GAPEX5;1017;"
"GAPEX5;746;"
"GARNL1;774;"
"GARNL3;447;"
"GARNL3;449;"
"GAS2;283;"
"GAS2L1;306;"
"GAS2L1;493;"
"GBF1;1786;"
"GBF1;349;"
"GBF1;352;"
"GGA2;414;"
"GGA2;418;"
"GIG18;132;"
"GIG18;341;"
"GIG18;389;"
"GIG18;397;"
"GIGYF1;157;"
"GIGYF1;228;"
"GIGYF1;24;"
"GIGYF1;28;"
"GIGYF2;26;"
"GIGYF2;30;"
"GIT2;463;"
"GKAP1;97;"
"GKAP1;98;"
"GLNS;322;"
"GLVR1;269;"
"GLYR1;130;"
"GM185;274;"
"GM328;1234;"
"GM551;777;"
"GM695;227;"
"GMPR2;28;"
"GNRPX;146;"
"GOLGA2;720;"
"GOLGA2;722;"
"GOLGA3;979;"
"GOLGA4;39;"
"GOLGA4;40;"
"GOLGA4;41;"
"GOLGA5;150;"
"GOLGA5;153;"
"GORASP1;220;"
"GORASP2;222;"
"GORASP2;225;"
"GORASP2;418;"
"GPBP1L1;289;"
"GPHN;188;"
"GPHN;194;"
"GPI;109;"
"GPRIN3;531;"
"GPRIN3;572;"
"GPRIN3;577;"
"GRB10;503;"
"GRIP1;699;"
"GRIPAP1;688;"
"GRL;159;"
"GRL;161;"
"GRL;274;"
"GRLF1;1150;"
"GRLF1;589;"
"GRPA;25;"
"GS2NA;229;"
"GSK3A;21;"
"GSK3B;9;"
"GSTZ1;181;"
"GTF2A1;318;"
"GTF2F1;389;"
"GTF3C2;219;"
"GYS;645;"
"GYS;652;"
"GYS;653;"
"GYS;722;"
"GYS;724;"
"GYS;728;"
"GYS;731;"
"GYS;732;"
"GYS2;627;"
"H3A;878;"
"H3A;953;"
"HABP4;109;"
"HAC1;455;"
"HAUS6;405;"
"HBO1;207;"
"HBO1;218;"
"HBP1;144;"
"HBP1;145;"
"HBP1;390;"
"HBS1;63;"
"HBXAP;1282;"
"HCFC1;666;"
"HCNGP;113;"
"HD;621;"
"HD;623;"
"HDAC1;406;"
"HDAC1;409;"
"HDAC5;680;"
"HDAC6;21;"
"HDAC6;862;"
"HDGF;107;"
"HDGF;236;"
"HDGFRP2;459;"
"HDGFRP2;463;"
"HDGFRP2;668;"
"HEATR6;23;"
"HECTD1;1389;"
"HECTD1;1390;"
"HECTD1;1391;"
"HELB;946;"
"HERC1;1406;"
"HERC2;1367;"
"HERC2;1578;"
"HERC2;1589;"
"HERPUD2;93;"
"HMG14;24;"
"HMG14;7;"
"HMGA1;36;"
"HMGA1;44;"
"HMGA1;98;"
"HMGN3;93;"
"HMOX1;242;"
"HMOX1;252;"
"HN1;87;"
"HNRNPA3;116;"
"HNRNPF;104;"
"HNRNPF;107;"
"HNRNPK;116;"
"HNRNPK;379;"
"HP1BP3;428;"
"HPS4;482;"
"HPS5;404;"
"HPS5;406;"
"HPS5;407;"
"HPS5;501;"
"HPS5;629;"
"HSF1;307;"
"HSF1;314;"
"HSF1;326;"
"HSPA12B;276;"
"HSPA12B;280;"
"HSPA12B;29;"
"HSPG1;188;"
"HTATIP;123;"
"HTATIP;90;"
"HTATSF1;404;"
"HTATSF1;410;"
"HUWE1;3923;"
"HUWE1;3928;"
"HUWE1;3931;"
"HYPK;38;"
"IBTK;1005;"
"IBTK;1111;"
"IBTK;1113;"
"IBTK;1185;"
"IBTK;1197;"
"IBTK;991;"
"IDH1;237;"
"IFI204;106;"
"IFNGR;379;"
"IFNGR;381;"
"IFNGR;398;"
"IGF1R;1163;"
"IGF1R;1165;"
"IGF1R;1167;"
"IGF1R;1168;"
"IGHMBP2;800;"
"IMMT;113;"
"INPP5F;936;"
"INPPL1;987;"
"INSR;1338;"
"INTS10;231;"
"IPS1;152;"
"IPS1;186;"
"IPS1;220;"
"IPS1;390;"
"IQSEC1;493;"
"IQSEC1;496;"
"IQSEC1;90;"
"IQSEC1;92;"
"IQSEC1;939;"
"IQSEC2;228;"
"IRF2BP1;66;"
"IRF2BP2;226;"
"IRF2BP2;71;"
"IRF2BP2;73;"
"IRF3;123;"
"IRS1;1094;"
"IRS1;1135;"
"IRS1;1171;"
"IRS1;131;"
"IRS1;133;"
"IRS1;135;"
"IRS1;136;"
"IRS1;265;"
"IRS1;267;"
"IRS1;268;"
"IRS1;270;"
"IRS1;272;"
"IRS1;298;"
"IRS1;300;"
"IRS1;302;"
"IRS1;306;"
"IRS1;307;"
"IRS1;324;"
"IRS1;325;"
"IRS1;460;"
"IRS1;478;"
"IRS1;481;"
"IRS1;522;"
"IRS1;525;"
"IRS1;577;"
"IRS1;608;"
"IRS1;628;"
"IRS1;632;"
"IRS1;887;"
"IRS1;891;"
"IRS1;983;"
"IRS2;1137;"
"IRS2;1138;"
"IRS2;1151;"
"IRS2;1163;"
"IRS2;1266;"
"IRS2;303;"
"IRS2;305;"
"IRS2;306;"
"IRS2;308;"
"IRS2;309;"
"IRS2;343;"
"IRS2;347;"
"IRS2;360;"
"IRS2;362;"
"IRS2;385;"
"IRS2;388;"
"IRS2;401;"
"IRS2;520;"
"IRS2;524;"
"IRS2;573;"
"IRS2;590;"
"IRS2;604;"
"IRS2;635;"
"IRS2;675;"
"IRS2;762;"
"IRS2;771;"
"IRS2;907;"
"IRS2;976;"
"IRS2;977;"
"IRS2;980;"
"ISOT;783;"
"ITGB1BP1;11;"
"ITSN2;865;"
"IWS1;666;"
"IWS1;667;"
"IWS1;668;"
"IWS1;672;"
"JARID1B;988;"
"JARID1B;989;"
"JARID1C;317;"
"JHDM2C;316;"
"JIP3;611;"
"JIP3;613;"
"JIP4;203;"
"JIP4;217;"
"JIP4;245;"
"JIP4;258;"
"JIP4;716;"
"JMJD1B;290;"
"JMJD1B;292;"
"JMJD1B;799;"
"JMY;108;"
"JMY;134;"
"JMY;56;"
"JMY;58;"
"JMY;701;"
"JMY;702;"
"JMY;704;"
"JNKBP1;19;"
"JNKK1;78;"
"JRAB;143;"
"JRAB;655;"
"JUN;73;"
"JUP;665;"
"KANK1;325;"
"KBTBD11;320;"
"KCTD3;793;"
"KIAA0019;605;"
"KIAA0019;607;"
"KIAA0066;379;"
"KIAA0066;536;"
"KIAA0147;1209;"
"KIAA0147;1212;"
"KIAA0147;1284;"
"KIAA0168;123;"
"KIAA0168;125;"
"KIAA0169;1719;"
"KIAA0189;477;"
"KIAA0190;223;"
"KIAA0195;802;"
"KIAA0195;804;"
"KIAA0204;777;"
"KIAA0235;82;"
"KIAA0268;1719;"
"KIAA0268;1727;"
"KIAA0268;1730;"
"KIAA0284;1341;"
"KIAA0284;421;"
"KIAA0295;413;"
"KIAA0305;310;"
"KIAA0305;884;"
"KIAA0305;888;"
"KIAA0305;906;"
"KIAA0305;927;"
"KIAA0305;929;"
"KIAA0313;1079;"
"KIAA0313;1255;"
"KIAA0313;960;"
"KIAA0324;1058;"
"KIAA0324;1062;"
"KIAA0324;1376;"
"KIAA0324;1378;"
"KIAA0324;1380;"
"KIAA0324;1409;"
"KIAA0324;1414;"
"KIAA0324;1434;"
"KIAA0324;1473;"
"KIAA0324;1475;"
"KIAA0324;1495;"
"KIAA0324;1533;"
"KIAA0324;1647;"
"KIAA0324;1706;"
"KIAA0324;2084;"
"KIAA0324;2296;"
"KIAA0324;2642;"
"KIAA0324;2644;"
"KIAA0324;2648;"
"KIAA0324;2660;"
"KIAA0324;2691;"
"KIAA0324;322;"
"KIAA0324;323;"
"KIAA0324;396;"
"KIAA0324;454;"
"KIAA0324;524;"
"KIAA0324;877;"
"KIAA0324;964;"
"KIAA0326;657;"
"KIAA0399;1464;"
"KIAA0399;1515;"
"KIAA0399;1518;"
"KIAA0399;1519;"
"KIAA0399;1535;"
"KIAA0430;65;"
"KIAA0438;392;"
"KIAA0439;371;"
"KIAA0439;492;"
"KIAA0440;1552;"
"KIAA0440;288;"
"KIAA0460;947;"
"KIAA0462;362;"
"KIAA0462;363;"
"KIAA0528;281;"
"KIAA0528;284;"
"KIAA0528;285;"
"KIAA0528;293;"
"KIAA0528;295;"
"KIAA0540;2813;"
"KIAA0541;1455;"
"KIAA0545;149;"
"KIAA0561;1231;"
"KIAA0561;170;"
"KIAA0589;552;"
"KIAA0589;554;"
"KIAA0599;1135;"
"KIAA0599;1140;"
"KIAA0599;1154;"
"KIAA0599;1157;"
"KIAA0599;1290;"
"KIAA0599;516;"
"KIAA0599;76;"
"KIAA0623;772;"
"KIAA0623;781;"
"KIAA0638;1039;"
"KIAA0638;1078;"
"KIAA0638;185;"
"KIAA0638;188;"
"KIAA0638;382;"
"KIAA0638;387;"
"KIAA0638;405;"
"KIAA0638;420;"
"KIAA0638;445;"
"KIAA0638;491;"
"KIAA0638;535;"
"KIAA0638;548;"
"KIAA0663;289;"
"KIAA0663;312;"
"KIAA0663;740;"
"KIAA0663;741;"
"KIAA0676;1099;"
"KIAA0676;997;"
"KIAA0685;670;"
"KIAA0685;672;"
"KIAA0685;760;"
"KIAA0701;418;"
"KIAA0701;420;"
"KIAA0731;1032;"
"KIAA0731;1048;"
"KIAA0731;498;"
"KIAA0731;765;"
"KIAA0804;26;"
"KIAA0816;1887;"
"KIAA0819;296;"
"KIAA0819;308;"
"KIAA0819;316;"
"KIAA0819;405;"
"KIAA0819;53;"
"KIAA0819;530;"
"KIAA0819;533;"
"KIAA0842;253;"
"KIAA0852;737;"
"KIAA0864;364;"
"KIAA0864;617;"
"KIAA0886;329;"
"KIAA0913;1094;"
"KIAA0913;1132;"
"KIAA0913;53;"
"KIAA0929;1209;"
"KIAA0930;311;"
"KIAA0930;322;"
"KIAA0930;336;"
"KIAA0930;347;"
"KIAA0930;396;"
"KIAA0975;545;"
"KIAA0981;1548;"
"KIAA0981;20;"
"KIAA0981;23;"
"KIAA0981;299;"
"KIAA0981;69;"
"KIAA0982;22;"
"KIAA0991;85;"
"KIAA0992;901;"
"KIAA0999;1221;"
"KIAA0999;668;"
"KIAA0999;674;"
"KIAA1003;264;"
"KIAA1003;409;"
"KIAA1029;1002;"
"KIAA1029;1037;"
"KIAA1029;1053;"
"KIAA1029;230;"
"KIAA1029;535;"
"KIAA1029;672;"
"KIAA1029;69;"
"KIAA1029;765;"
"KIAA1029;833;"
"KIAA1043;2133;"
"KIAA1046;1000;"
"KIAA1055;475;"
"KIAA1093;1547;"
"KIAA1093;840;"
"KIAA1095;840;"
"KIAA1095;843;"
"KIAA1095;845;"
"KIAA1095;849;"
"KIAA1111;843;"
"KIAA1111;984;"
"KIAA1113;1117;"
"KIAA1115;739;"
"KIAA1138;487;"
"KIAA1142;293;"
"KIAA1148;1544;"
"KIAA1148;1548;"
"KIAA1230;37;"
"KIAA1230;40;"
"KIAA1230;764;"
"KIAA1230;768;"
"KIAA1230;968;"
"KIAA1230;970;"
"KIAA1230;972;"
"KIAA1248;332;"
"KIAA1248;348;"
"KIAA1248;350;"
"KIAA1272;373;"
"KIAA1272;486;"
"KIAA1272;696;"
"KIAA1272;715;"
"KIAA1272;765;"
"KIAA1296;285;"
"KIAA1296;287;"
"KIAA1296;292;"
"KIAA1296;410;"
"KIAA1296;449;"
"KIAA1296;497;"
"KIAA1296;613;"
"KIAA1296;625;"
"KIAA1296;763;"
"KIAA1296;775;"
"KIAA1296;92;"
"KIAA1311;1020;"
"KIAA1321;626;"
"KIAA1334;249;"
"KIAA1334;293;"
"KIAA1334;297;"
"KIAA1334;300;"
"KIAA1334;318;"
"KIAA1334;914;"
"KIAA1361;445;"
"KIAA1364;685;"
"KIAA1418;130;"
"KIAA1418;749;"
"KIAA1432;1016;"
"KIAA1432;1188;"
"KIAA1432;991;"
"KIAA1432;995;"
"KIAA1457;686;"
"KIAA1457;687;"
"KIAA1458;358;"
"KIAA1458;483;"
"KIAA1464;479;"
"KIAA1468;193;"
"KIAA1494;304;"
"KIAA1494;741;"
"KIAA1542;867;"
"KIAA1551;1480;"
"KIAA1562;778;"
"KIAA1562;782;"
"KIAA1562;890;"
"KIAA1601;148;"
"KIAA1691;513;"
"KIAA1708;1241;"
"KIAA1708;558;"
"KIAA1708;571;"
"KIAA1708;855;"
"KIAA1711;132;"
"KIAA1711;1377;"
"KIAA1715;194;"
"KIAA1720;30;"
"KIAA1721;521;"
"KIAA1738;265;"
"KIAA1738;269;"
"KIAA1741;1022;"
"KIAA1741;1025;"
"KIAA1741;1131;"
"KIAA1741;1133;"
"KIAA1741;1204;"
"KIAA1741;131;"
"KIAA1741;1375;"
"KIAA1741;1463;"
"KIAA1741;1657;"
"KIAA1741;178;"
"KIAA1741;496;"
"KIAA1741;500;"
"KIAA1741;539;"
"KIAA1741;568;"
"KIAA1741;763;"
"KIAA1741;869;"
"KIAA1741;887;"
"KIAA1745;816;"
"KIAA1748;395;"
"KIAA1748;529;"
"KIAA1748;533;"
"KIAA1748;585;"
"KIAA1748;593;"
"KIAA1753;378;"
"KIAA1753;380;"
"KIAA1753;384;"
"KIAA1753;411;"
"KIAA1849;843;"
"KIAA1978;576;"
"KIAA1980;622;"
"KIAA1999;1135;"
"KIAA1999;1173;"
"KIAA1999;1176;"
"KIAA1999;1478;"
"KIAA2010;777;"
"KIAA3002;80;"
"KIAA3021;873;"
"KIAA4119;1009;"
"KIAA4120;155;"
"KIAA4135;408;"
"KIAA4135;60;"
"KIAA4135;649;"
"KIAA4253;783;"
"KIF13A;1650;"
"KIF13A;1717;"
"KIF13B;1653;"
"KIF13B;1654;"
"KIF13B;1795;"
"KIF13B;1810;"
"KIF13B;661;"
"KIF13B;912;"
"KIF1B;1050;"
"KIF5B;933;"
"KIF5B;945;"
"KIFAP3;60;"
"KLC1;524;"
"KLC4;460;"
"KPNA1;244;"
"KRIP1;471;"
"KRIP1;473;"
"KRIP1;489;"
"KSR;256;"
"KSR;260;"
"L23MRP;118;"
"LAG;25;"
"LAP1B;201;"
"LAP1B;328;"
"LARP6;447;"
"LARP6;451;"
"LAST;360;"
"LATS1;463;"
"LDLRAP1;14;"
"LENG8;352;"
"LIP1;405;"
"LIP1;443;"
"LIP1;444;"
"LIP1;447;"
"LIP1;763;"
"LIPE;585;"
"LIPE;617;"
"LL5B;359;"
"LL5B;411;"
"LL5B;414;"
"LL5B;465;"
"LL5B;534;"
"LL5B;536;"
"LL5B;983;"
"LMN1;22;"
"LMN1;404;"
"LMN1;406;"
"LMN1;407;"
"LMN1;429;"
"LMN1;570;"
"LMO7;1516;"
"LMO7;1533;"
"LMOD1;504;"
"LMOD1;551;"
"LNK;302;"
"LNPEP;51;"
"LPIN1;188;"
"LPIN1;260;"
"LPIN1;323;"
"LPIN1;359;"
"LPIN1;439;"
"LPIN1;442;"
"LPIN1;867;"
"LPIN2;283;"
"LRRC41;276;"
"LRRC42;399;"
"LRRC5;252;"
"LRRC68;582;"
"LSM1;123;"
"LSP1;164;"
"LTBP2;491;"
"LYRIC;565;"
"LYSMD1;3;"
"MA3;457;"
"MA3;67;"
"MA3;71;"
"MA3;76;"
"MA3;78;"
"MACROD2;31;"
"MACS;112;"
"MACS;113;"
"MACS;27;"
"MACS;46;"
"MAF1;60;"
"MAF1;68;"
"MAF1;75;"
"MAP1A;1246;"
"MAP1A;1400;"
"MAP1A;1886;"
"MAP1A;1950;"
"MAP1A;1955;"
"MAP1A;1958;"
"MAP1A;1998;"
"MAP1A;2000;"
"MAP1A;2400;"
"MAP1A;2420;"
"MAP1A;2447;"
"MAP1A;2449;"
"MAP1A;2450;"
"MAP1A;742;"
"MAP2K2;306;"
"MAP2K2;394;"
"MAP3K1;247;"
"MAP3K2;360;"
"MAP3K3;166;"
"MAP3K3;337;"
"MAP4K3;329;"
"MAP4K4;545;"
"MAP4K4;579;"
"MAP4K4;607;"
"MAP4K6;704;"
"MAPKAP1;86;"
"MAPKAPK1B;365;"
"MAPKAPK1B;375;"
"MAST2;1368;"
"MAST2;198;"
"MAST2;210;"
"MAST4;1417;"
"MAST4;1776;"
"MAST4;266;"
"MATR3;188;"
"MBD3;85;"
"MCG_11658;235;"
"MCG_11658;240;"
"MCG_122520;53;"
"MCG_129001;51;"
"MCG_130675;45;"
"MCG_13495;191;"
"MCG_13895;411;"
"MCG_13895;414;"
"MCG_142205;153;"
"MCG_14730;61;"
"MCG_15924;240;"
"MCG_1636;29;"
"MCG_1636;51;"
"MCG_19534;243;"
"MCG_21329;65;"
"MCG_22253;356;"
"MCG_23059;96;"
"MCG_23367;44;"
"MCG_23367;46;"
"MCG_51138;58;"
"MCG_5513;333;"
"MDM2;165;"
"MDM2;183;"
"MDM2;185;"
"MDN1;4883;"
"MEF2A;253;"
"MEF2A;470;"
"MEF2A;485;"
"MENTHO;210;"
"MESS1;15;"
"MESS1;390;"
"MESS1;391;"
"MET;552;"
"METT5D1;358;"
"METTL1;21;"
"MFF;112;"
"MFF;207;"
"MFLJ00294;344;"
"MGF;694;"
"MHR23B;160;"
"MID1IP1;110;"
"MID1IP1;66;"
"MID1IP1;67;"
"MID1IP1;71;"
"MID1IP1;74;"
"MIER3;53;"
"MIO;505;"
"MIO;566;"
"MIPT3;319;"
"MKI67IP;205;"
"MKI67IP;270;"
"MKIAA0035;594;"
"MKIAA0035;625;"
"MKIAA0035;689;"
"MKIAA0138;560;"
"MKIAA0177;1266;"
"MKIAA0177;1452;"
"MKIAA0857;188;"
"MKIAA0857;278;"
"MKIAA0857;280;"
"MKIAA0857;480;"
"MKIAA1227;1011;"
"MKIAA1227;439;"
"MKL2;77;"
"MKNK1;180;"
"MKNK2;169;"
"MKNK2;220;"
"MKNK2;446;"
"MKNK2;448;"
"MKNK2;450;"
"MKRN2;122;"
"MLLT1;284;"
"MNCB-3527;521;"
"MNCB-3527;736;"
"MON2;534;"
"MORC3;563;"
"MOV10;339;"
"MOZ;447;"
"MPH;424;"
"MPP1;331;"
"MPP1;57;"
"MRPL30;96;"
"MSK1;375;"
"MSK1;380;"
"MSK1;814;"
"MSK2;343;"
"MSK2;347;"
"MSK2;682;"
"MSK2;687;"
"MTAP1B;1293;"
"MTAP1B;1422;"
"MTMR1;53;"
"MTMR14;512;"
"MTMR14;528;"
"MTMR2;89;"
"MTMR2;92;"
"MTMR6;557;"
"MTSS1L;261;"
"MTSS1L;564;"
"MXRA7;94;"
"MYBBP1A;1325;"
"MYCBP2;2707;"
"MYCBP2;2861;"
"MYCBP2;2884;"
"MYCBP2;2943;"
"MYCBP2;3162;"
"MYCBP2;3577;"
"MYLK;1804;"
"MYLK;1807;"
"MYLK;1810;"
"MYLK;364;"
"MYNN;263;"
"MYO18A;2044;"
"MYO9A;1425;"
"MYO9B;1247;"
"MYO9B;1346;"
"MYO9B;1354;"
"MYO9B;1364;"
"MYOF;341;"
"NAB2;171;"
"NBAS;1382;"
"NBL;224;"
"NBL;228;"
"NBN;398;"
"NCAM;1005;"
"NCAM;774;"
"NCKAP5L;494;"
"NCL;189;"
"NCL;212;"
"NCL;403;"
"NCOA6;1487;"
"NCOR1;1482;"
"NCOR1;1540;"
"NCOR1;1550;"
"NCOR1;2349;"
"NCOR1;2351;"
"NCOR1;510;"
"NCOR1;511;"
"NCOR1;598;"
"NCOR2;1851;"
"NCOR2;1854;"
"NCOR2;2250;"
"NCOR2;54;"
"NDR1;330;"
"NDR1;340;"
"NDR1;342;"
"NDR1;346;"
"NDR1;366;"
"NDR3;327;"
"NDR3;329;"
"NDR3;331;"
"NDR3;333;"
"NDR3;334;"
"NDRP;1315;"
"NDRP;1746;"
"NDRP;674;"
"NEK3;317;"
"NELFA;277;"
"NELFA;363;"
"NF2;10;"
"NFAT3;213;"
"NFAT3;217;"
"NFAT3;259;"
"NFAT3;272;"
"NFAT3;334;"
"NFATC3;345;"
"NFATC3;99;"
"NFIA;280;"
"NFIA;287;"
"NFIA;319;"
"NFIA;333;"
"NFIA;335;"
"NFIA;360;"
"NFIA;372;"
"NFIA;469;"
"NFIA;472;"
"NFIB;312;"
"NFIB;332;"
"NFIB;333;"
"NFIC;264;"
"NFIC;313;"
"NFIC;314;"
"NFIX;257;"
"NFIX;260;"
"NFIX;265;"
"NFIX;268;"
"NFIX;271;"
"NFIX;280;"
"NFX1;51;"
"NFX1;81;"
"NHE1;687;"
"NHE1;699;"
"NHE1;701;"
"NHE1;707;"
"NHE1;801;"
"NHS;329;"
"NHSL2;1055;"
"NHSL2;499;"
"NHSL2;599;"
"NIPA;334;"
"NIPA;343;"
"NIPA;353;"
"NIPA;369;"
"NIPA;393;"
"NIPA;394;"
"NIPA;406;"
"NIPA;407;"
"NMT2;38;"
"NNX3;415;"
"NNX3;418;"
"NOA36;287;"
"NOL1;59;"
"NOL5A;545;"
"NOL5A;546;"
"NOL5A;554;"
"NOLZ1;104;"
"NOLZ1;107;"
"NP220;381;"
"NPAP60;234;"
"NPM1;217;"
"NPM1;225;"
"NR2B1;22;"
"NR2C2;252;"
"NRBF2;112;"
"NRBP2;168;"
"NRG1;495;"
"NRIP1;808;"
"NSF;207;"
"NTE;324;"
"NUCKS;179;"
"NUCKS;181;"
"NUMA1;1974;"
"NUMA1;1982;"
"NUMB;391;"
"NUP153;218;"
"NUP153;335;"
"NUP153;339;"
"NUP98;623;"
"NUP98;670;"
"OBPH1;88;"
"OBPH1;93;"
"OCT-1;411;"
"OPTN;210;"
"OPTN;212;"
"ORP9;229;"
"OSBPL3;166;"
"OSR1;359;"
"OXR1;194;"
"OXR1;62;"
"P2PR;1591;"
"PAIRBP1;203;"
"PAIRBP1;234;"
"PAK3;241;"
"PALM;145;"
"PAN3;300;"
"PANK;114;"
"PANK2;75;"
"PAPD5;91;"
"PAR3;1077;"
"PAR3;1173;"
"PAR3;870;"
"PARG;135;"
"PARG;297;"
"PARG;318;"
"PARP3;8;"
"PATL1;184;"
"PATL1;194;"
"PB1;39;"
"PBX2;395;"
"PC4;17;"
"PC4;55;"
"PCBP1;231;"
"PCBP1;263;"
"PCBP1;264;"
"PCDH1;812;"
"PCIF1;116;"
"PCIF1;144;"
"PCIF1;150;"
"PCM1;1319;"
"PCM1;419;"
"PCM1;423;"
"PDAP1;176;"
"PDAP1;178;"
"PDE12;101;"
"PDE12;102;"
"PDE3B;311;"
"PDE3B;312;"
"PDE3B;315;"
"PDE3B;334;"
"PDE3B;458;"
"PDE3B;459;"
"PDE3B;462;"
"PDE3B;512;"
"PDE3B;53;"
"PDE3B;542;"
"PDE3B;545;"
"PDE3B;574;"
"PDE3B;577;"
"PDE3B;588;"
"PDE4D;11;"
"PDE4D;343;"
"PDGFRA;767;"
"PDLIM2;127;"
"PDLIM2;143;"
"PDXDC1;691;"
"PDZD2;1419;"
"PDZD2;1818;"
"PDZD2;1932;"
"PDZD2;1985;"
"PDZD8;515;"
"PERI;386;"
"PEX1;1210;"
"PEX14;232;"
"PEX14;234;"
"PEX14;252;"
"PEX14;275;"
"PFKFB2;469;"
"PFKFB2;486;"
"PFKFB2;496;"
"PFKFB3;496;"
"PFKFB3;507;"
"PHC3;324;"
"PHF2;1057;"
"PHF2;650;"
"PHF2;893;"
"PHF2;899;"
"PHF3;1882;"
"PHF3;655;"
"PHF3;656;"
"PHF3;658;"
"PHF3;660;"
"PHKA2;1044;"
"PHKA2;735;"
"PI4K2A;462;"
"PI4K2A;51;"
"PI4KA;172;"
"PI4KA;198;"
"PI4KA;199;"
"PI4KB;410;"
"PI4KB;411;"
"PI4KB;502;"
"PIK3R4;853;"
"PIK3R4;905;"
"PILT;442;"
"PIP4K2B;322;"
"PIP4K2B;326;"
"PIP5K1A;57;"
"PIT2;316;"
"PIT2;324;"
"PJA1;204;"
"PKN2;121;"
"PKN2;582;"
"PLCB3;1009;"
"PLCG1;1248;"
"PLEC1;1295;"
"PLEC1;1581;"
"PLEC1;21;"
"PLEC1;4245;"
"PLEC1;4248;"
"PLEKHF2;226;"
"PLEKHM1;404;"
"PLEKHM1;433;"
"PLEKHM1;435;"
"PLEKHM1;436;"
"PLEKHM1;466;"
"PML;515;"
"PNN;699;"
"PNN;96;"
"POP101;209;"
"POP101;414;"
"POP101;550;"
"POP101;593;"
"POP101;714;"
"PPAPDC2;24;"
"PPFIA1;1237;"
"PPFIA1;554;"
"PPFIA1;717;"
"PPFIA1;778;"
"PPFIA1;779;"
"PPP1R7;48;"
"PPP2R5A;38;"
"PPP2R5B;44;"
"PPP4R2;173;"
"PPP4R2;226;"
"PRKAA1;490;"
"PRKAA1;496;"
"PRKAG2;109;"
"PRKAG2;110;"
"PRKAG2;113;"
"PRKAG2;117;"
"PRKAG2;122;"
"PRKAG2;135;"
"PRKAG2;138;"
"PRKAG2;143;"
"PRKAG2;196;"
"PRKAG2;65;"
"PRKAG2;71;"
"PRKAG2;86;"
"PRKAG2;87;"
"PRKAG2;90;"
"PRKCBP1;449;"
"PRKCBP1;456;"
"PRKCSH;24;"
"PRKD2;197;"
"PRKD2;198;"
"PRKWNK4;675;"
"PRKWNK4;676;"
"PRLR;423;"
"PROTOR1;239;"
"PROTOR1;316;"
"PRR8;1032;"
"PSMA1;247;"
"PSMA5;16;"
"PSMF1;189;"
"PTGES3;113;"
"PTGES3;148;"
"PTGES3;151;"
"PTMB4;166;"
"PTMS;191;"
"PTPK;868;"
"PTPK;872;"
"PTPN11;546;"
"PTPN12;396;"
"PTPN12;734;"
"PTPN14;314;"
"PTPN21;673;"
"PTPN4;403;"
"PTRF;14;"
"PTRF;169;"
"PTRF;171;"
"PTRF;172;"
"PTRF;310;"
"PXN;106;"
"PXN;126;"
"PXN;130;"
"PXN;137;"
"PXN;258;"
"PXN;83;"
"PYGO2;50;"
"QK;211;"
"R3HDM1;299;"
"RAB10;6;"
"RAB11FIP2;388;"
"RAB12;63;"
"RAB13;178;"
"RAB13;5;"
"RAB3IP;241;"
"RAB40C;262;"
"RABEX5;132;"
"RAD17;70;"
"RAD18;103;"
"RANBP2;1098;"
"RANBP2;1101;"
"RANBP2;2083;"
"RANBP2;2087;"
"RANBP2;2088;"
"RANBP2;781;"
"RANBP20;208;"
"RANBP3;148;"
"RANBP3;165;"
"RANBP3;56;"
"RANBP3;58;"
"RANBP3;60;"
"RANBP3;62;"
"RAPGEF6;1078;"
"RAPGEF6;1102;"
"RAPGEF6;1214;"
"RAPGEF6;1245;"
"RAPTOR;719;"
"RAPTOR;721;"
"RAPTOR;863;"
"RAPTOR;877;"
"RASA3;90;"
"RASL12;190;"
"RB1;367;"
"RBL2;1064;"
"RBL2;946;"
"RBM12B;279;"
"RBM12B;509;"
"RBM14;618;"
"RBM3;135;"
"RBM3;143;"
"RBM7;203;"
"RBMS2;33;"
"RECC1;155;"
"REPS1;708;"
"RERE;1258;"
"RERE;679;"
"RFTN2;469;"
"RGC32;102;"
"RGC32;97;"
"RGC32;99;"
"RHBDF2;147;"
"RHBDF2;293;"
"RHBDF2;295;"
"RHBDF2;298;"
"RHBDF2;357;"
"RHBDF2;359;"
"RIN1;340;"
"RIN2;495;"
"RLIM;163;"
"RNASEP2;251;"
"RNF213;34;"
"RNF216;464;"
"RNF216;764;"
"RNF219;566;"
"RNFT1;79;"
"RP23-100L23.1;751;"
"RP23-100L23.1;753;"
"RP23-133N19.2-002;1559;"
"RP23-133N19.2-002;1563;"
"RP23-133N19.2-002;1568;"
"RP23-133N19.2-002;1694;"
"RP23-133N19.2-002;1756;"
"RP23-133N19.2-002;1760;"
"RP23-133N19.2-002;2078;"
"RP23-133N19.2-002;2449;"
"RP23-133N19.2-002;3005;"
"RP23-173D8.1-001;88;"
"RP23-193A16.5-001;836;"
"RP23-193A16.5-001;893;"
"RP23-22A15.9-001;702;"
"RP23-306D20.10-001;1028;"
"RP23-306D20.10-001;1030;"
"RP23-306D20.10-001;1384;"
"RP23-306D20.10-001;2101;"
"RP23-306D20.10-001;2305;"
"RP23-33L3.2-009;96;"
"RP23-38K18.4-001;311;"
"RP23-38K18.4-001;313;"
"RP23-38K18.4-001;726;"
"RP23-43O20.2-001;453;"
"RP23-455B1.3;327;"
"RP23-455B1.3;329;"
"RP23-458A23.5-001;101;"
"RP23-458A23.5-001;102;"
"RP23-458A23.5-001;117;"
"RP23-458A23.5-001;125;"
"RP23-458A23.5-001;382;"
"RP23-458A23.5-001;98;"
"RP23-92C4.1-001;23;"
"RP24-258K7.2-001;430;"
"RP24-258K7.2-001;746;"
"RP24-258K7.2-001;914;"
"RPLP2;79;"
"RPS18;96;"
"RPS26;96;"
"RPS6;235;"
"RPS6;241;"
"RPS6;242;"
"RPS6;244;"
"RPS6KA1;359;"
"RPS6KA1;363;"
"RPS6KA1;369;"
"RPS6KA1;380;"
"RPS6KB1;427;"
"RPS6KB1;441;"
"RPS6KB1;444;"
"RPS6KB1;447;"
"RPS6KB1;452;"
"RPS6KB2;416;"
"RPS6KB2;417;"
"RPS6KB2;420;"
"RPS6KB2;423;"
"RPS6KC1;558;"
"RRAGC;15;"
"RRAGC;2;"
"RRAGC;393;"
"RRBP1;1472;"
"RREB1;1683;"
"RREB1;175;"
"RRN3;42;"
"RSRC2;103;"
"RSRC2;104;"
"RTKN;106;"
"RTKN;108;"
"RTKN;520;"
"RUK;175;"
"RUK;436;"
"SAMD4;168;"
"SAMD4;292;"
"SAMD4B;271;"
"SAMD4B;599;"
"SAMD4B;600;"
"SASH1;1011;"
"SASH1;1014;"
"SASH1;382;"
"SASH1;392;"
"SASH1;400;"
"SASH1;534;"
"SASH1;714;"
"SBF1;1266;"
"SBX;4;"
"SBX;816;"
"SC5D;291;"
"SCAM1;389;"
"SCAM1;412;"
"SCARF2;638;"
"SCARF2;672;"
"SCARF2;692;"
"SCARF2;694;"
"SCARF2;695;"
"SCCPDH;217;"
"SCR59;472;"
"SDPR;33;"
"SDPR;35;"
"SEC22B;175;"
"SEC23IP;600;"
"SEC24B;7;"
"SEC31A;1173;"
"SEC31A;801;"
"SECISBP2;229;"
"SENP1;157;"
"SENP3;175;"
"SENP7;12;"
"SENP7;13;"
"SEPT7;334;"
"SETD6;22;"
"SF4;336;"
"SFRS12IP1;94;"
"SFRS12IP1;96;"
"SFRS3;5;"
"SGT;307;"
"SGT;309;"
"SH3BP4;245;"
"SH3D19;274;"
"SH3D19;564;"
"SHC;139;"
"SIK2;576;"
"SIM;575;"
"SIN3A;431;"
"SIN3A;861;"
"SIPA1;53;"
"SIPA1;72;"
"SIPA1L3;1538;"
"SIPP1;600;"
"SLC25A46;45;"
"SLC25A46;61;"
"SLC30A1;421;"
"SLC35E1;363;"
"SMARCA5;115;"
"SMCR7L;59;"
"SMCR8;416;"
"SNRK;518;"
"SNRNP27;61;"
"SNT1;187;"
"SNT1;195;"
"SNT2B2;202;"
"SNT2B2;375;"
"SNX1;117;"
"SNX1;39;"
"SNX1;41;"
"SNX1;58;"
"SNX15;227;"
"SNX2;101;"
"SNX2;104;"
"SNX2;117;"
"SNX2;119;"
"SNX2;97;"
"SNX8;450;"
"SOLO;1080;"
"SOLO;1472;"
"SOLO;1485;"
"SOLO;994;"
"SOLO;995;"
"SON;2031;"
"SON;94;"
"SOS1;1120;"
"SOS1;1123;"
"SOS1;1147;"
"SOS1;1164;"
"SOS1;1179;"
"SOS1;1183;"
"SOS1;1196;"
"SOS1;1243;"
"SOS1;1249;"
"SOS1;1251;"
"SOS1;1255;"
"SOX6;126;"
"SPAG7;202;"
"SPAG7;219;"
"SPHK2;377;"
"SPHK2;379;"
"SPIR-2;445;"
"SPRY1;133;"
"SRA1;60;"
"SRCAP;553;"
"SRP72;139;"
"SRPK1;51;"
"SRPK2;379;"
"SRPK2;488;"
"SRPK2;491;"
"SSBP2;333;"
"SSRP1;662;"
"SSRP1;664;"
"ST1A1;263;"
"STARD13;572;"
"STIM2;771;"
"STK10;950;"
"STRN;376;"
"STX12;139;"
"STX12;142;"
"STX4;208;"
"STX4;251;"
"STX7;125;"
"STX7;126;"
"STX7;129;"
"SVIL;1181;"
"SVIL;220;"
"SVIL;227;"
"SVIL;260;"
"SVIL;632;"
"SYAP1;100;"
"SYAP1;283;"
"SYB3;48;"
"SYDE1;244;"
"SYDE2;1203;"
"SYNE2;1732;"
"TACC1;284;"
"TACC1;378;"
"TAPT1;520;"
"TAX1BP1;693;"
"TBC1D10B;664;"
"TBC1D10B;693;"
"TBC1D13;184;"
"TBC1D15;662;"
"TBC1D5;578;"
"TBC1D5;582;"
"TBC1D5;584;"
"TCEA1;81;"
"TCFEB;167;"
"TCFEB;180;"
"TCFEB;390;"
"TCFEB;525;"
"TCFL1;102;"
"TDRKH;248;"
"TENC1;1000;"
"TENC1;1003;"
"TENC1;120;"
"TENC1;892;"
"TENC1;909;"
"TENC1;978;"
"TENC1;982;"
"TENS1;690;"
"TENS1;745;"
"TENS1;752;"
"TENS1;769;"
"TENS1;957;"
"TGOLN2;119;"
"TGOLN2;132;"
"THRAP3;238;"
"THRAP3;253;"
"THRAP3;268;"
"THRAP3;695;"
"THUMPD3;178;"
"TILZ2;123;"
"TILZ2;167;"
"TILZ2;271;"
"TJP1;899;"
"TKT;104;"
"TKT;105;"
"TLN;425;"
"TLN;467;"
"TMCC3;235;"
"TMCC3;46;"
"TMCC3;48;"
"TMEM119;199;"
"TMEM184B;386;"
"TMEM55A;10;"
"TMEM55A;22;"
"TMEM63B;111;"
"TMEM63B;114;"
"TMEM63B;115;"
"TMOD3;71;"
"TMTC2;524;"
"TMTC2;541;"
"TNFRSF10B;332;"
"TNS1;1054;"
"TNS1;1066;"
"TNS1;1067;"
"TNS1;1070;"
"TNS1;1075;"
"TNS1;1118;"
"TNS1;1126;"
"TNS1;1214;"
"TNS1;1482;"
"TNS1;1489;"
"TNS1;1558;"
"TNS1;1599;"
"TNS1;572;"
"TNS1;574;"
"TNS1;575;"
"TOE1;349;"
"TOE1;411;"
"TOM1;174;"
"TOM1;180;"
"TOM1;400;"
"TOM1;486;"
"TOM1;488;"
"TOM1;496;"
"TOM1L2;394;"
"TOMM34;186;"
"TOP2B;1537;"
"TPR;2184;"
"TPR;2205;"
"TPR;2223;"
"TPR;727;"
"TRA2A;236;"
"TRIM47;591;"
"TRIM56;454;"
"TRIO;2458;"
"TRIO;2462;"
"TRPS1;892;"
"TRRAP;2049;"
"TRRAP;2075;"
"TSC2;1130;"
"TSC2;1456;"
"TSC2;1466;"
"TSC2;939;"
"TSC2;981;"
"TTC15;232;"
"TTC15;234;"
"TTC15;314;"
"TTC39B;27;"
"TTC39B;29;"
"TTC7B;681;"
"TTYH2;510;"
"TXLN;522;"
"TXLN;523;"
"TXN;44;"
"TZF;167;"
"UBAP1;146;"
"UBAP2L;441;"
"UBAP2L;884;"
"UFD1L;247;"
"UGDH;474;"
"ULK1;450;"
"ULK1;477;"
"ULK1;479;"
"ULK1;549;"
"ULK1;620;"
"ULK1;628;"
"ULK1;763;"
"USP15;226;"
"USP15;229;"
"USP24;1138;"
"USP24;1282;"
"USP24;1369;"
"USP24;2078;"
"USP32;1361;"
"USP32;1372;"
"USP45;521;"
"USP45;525;"
"UTRN;3295;"
"UVRAG;492;"
"UVRAG;517;"
"UVRAG;521;"
"UVRAG;522;"
"VAMP4;15;"
"VAMP4;17;"
"VAMP4;20;"
"VAP33;164;"
"VAP33;166;"
"VAP33;214;"
"VCL;346;"
"VGLL4;107;"
"VGLL4;259;"
"VGLL4;58;"
"VIM;18;"
"VIM;39;"
"VIM;51;"
"VIM;56;"
"VIM;72;"
"VPS26B;302;"
"VPS54;8;"
"WDR13;79;"
"WDR20A;347;"
"WDR20A;353;"
"WDR20A;434;"
"WDR33;1273;"
"WDR33;999;"
"WDR44;27;"
"WDR62;34;"
"WDR74;381;"
"WDR81;1570;"
"WDR91;255;"
"WDR91;257;"
"WDR91;294;"
"WFS1;3;"
"WFS1;5;"
"WFS1;9;"
"WHIP;75;"
"WIPF2;235;"
"WIPI2;395;"
"WIZ;1016;"
"WIZ;1045;"
"WIZ;1179;"
"XRCC4;231;"
"YAP;104;"
"YARS;28;"
"YTHDC1;118;"
"YTHDC1;119;"
"YTHDC2;1294;"
"YTHDC2;1296;"
"YTHDF2;39;"
"ZBP89;665;"
"ZC3H14;309;"
"ZC3H14;85;"
"ZC3HAV1;273;"
"ZC3HAV1;344;"
"ZC3HAV1;350;"
"ZC3HAV1;490;"
"ZC3HAV1;538;"
"ZC3HAV1;564;"
"ZFP395;247;"
"ZFP395;444;"
"ZFP574;301;"
"ZFR;1054;"
"ZFYVE20;214;"
"ZFYVE20;229;"
"ZFYVE20;231;"
"ZFYVE20;232;"
"ZNRF2;147;"
"ZNRF2;18;"
"ZNRF2;20;"
"ZNRF2;73;"
"ZNRF2;75;"
"ZYX;272;"
"ZYX;336;"
